Wafer_ID,Batch_ID,Timestamp,Chamber_Vacuum_Torr,Gas_Flow_SiH4_sccm,RF_Reflected_Power_W,Plasma_Density_e11_cm3,Etch_Rate_A_min,CMP_Pad_Wear_um,Deposition_Temp_C,Photolitho_Dose_mJ_cm2,Leakage_Current_uA,Chamber_Pressure_mTorr,Wafer_Thickness_um,Wafer_Bow_um,Gate_Oxide_Thickness_A,Particle_Count_10nm,Wafer_Resistivity_Ohm_cm,Yield_Status
WFR-1001,FAB-BATCH-101,01-08-2026 08:00,1.2699,153.5,427.11,11.829,2155.4,18.45,356.12,25.73,0.0641,12.22,774.64,11.41,45.48,16,1.605,0
WFR-1002,FAB-BATCH-101,01-08-2026 08:28,1.2445,147.52,439.68,11.553,2174.8,15.79,358.59,25.57,0.0275,12.12,774.92,13.62,43.83,14,1.84,0
WFR-1003,FAB-BATCH-101,01-08-2026 08:56,1.2759,146.32,445.04,11.391,2162.3,17.61,353.99,25.12,0.0461,12.38,775.16,11.67,46.04,18,1.836,0
WFR-1004,FAB-BATCH-101,01-08-2026 09:24,1.3109,149.98,472.65,12.789,2178.1,16.85,334.46,24.56,0.0495,12.27,777.37,11.37,44.11,11,1.899,0
WFR-1005,FAB-BATCH-101,01-08-2026 09:52,1.2406,,456.68,12.35,2191.4,15.87,348.76,24.52,0.0502,12.36,773.13,13.14,46.12,12,1.798,0
WFR-1006,FAB-BATCH-101,01-08-2026 10:20,1.2406,147.96,433.97,12.766,2233.5,13.27,340.75,25.11,0.0522,12.68,772.88,13.96,44.59,12,1.773,0
WFR-1007,FAB-BATCH-101,01-08-2026 10:48,1.3132,153.13,455.83,12.983,2187.2,18.71,348.38,24.19,0.0573,12.44,778.09,13.09,42.42,11,1.849,0
WFR-1008,FAB-BATCH-101,01-08-2026 11:16,1.2807,154.3,431.43,12.686,2136.6,17.3,357.84,22.99,0.0496,11.92,773.84,12.52,43.53,12,1.689,0
WFR-1009,FAB-BATCH-101,01-08-2026 11:44,1.2312,150.4,462.99,12.96,2245.6,17.8,352.44,24.89,0.0456,11.44,771.84,12.87,44.35,15,1.864,0
WFR-1010,FAB-BATCH-101,01-08-2026 12:12,1.2717,156.65,444.35,12.451,2166.5,18.95,359.18,23.6,0.0451,12.83,773.79,12.66,47.05,18,1.664,0
WFR-1011,FAB-BATCH-101,01-08-2026 12:40,1.2315,144.86,448.88,11.669,2197.7,23.99,352.73,23.73,0.0427,11.88,774.17,11.15,46.35,17,1.962,0
WFR-1012,FAB-BATCH-101,01-08-2026 13:08,1.2314,149.13,465.91,13.24,2217.9,25.86,339.61,24.5,0.0595,11.76,778.89,11.01,47.44,16,1.918,0
WFR-1013,FAB-BATCH-101,01-08-2026 13:36,1.2597,146.77,434.55,12.088,2208,22.03,329.83,24.42,0.0422,11.13,777.31,12.41,47.48,17,1.757,0
WFR-1014,FAB-BATCH-101,01-08-2026 14:04,1.1735,141.6,433.23,11.845,2243.8,21.22,351.19,23.37,0.0602,12.17,777.87,12.6,44.2,12,1.916,0
WFR-1015,FAB-BATCH-101,01-08-2026 14:32,1.181,149.63,443,12.375,2219.2,20.35,348.29,24.63,0.0502,12.07,777.05,12.51,44.72,14,1.861,0
WFR-1016,FAB-BATCH-101,01-08-2026 15:00,1.2275,149.45,462.46,11.861,2165.5,24.19,342.18,25.27,0.0437,11.24,777.37,13.31,44.38,13,1.749,0
WFR-1017,FAB-BATCH-101,01-08-2026 15:28,1.2095,156.81,431.77,12.208,2287.1,27.37,336.39,23.6,0.0574,12.23,773.28,12.24,43.99,12,1.648,0
WFR-1018,FAB-BATCH-101,01-08-2026 15:56,1.2626,152.84,416.01,12.741,2207.8,23.86,344.12,25.52,0.0413,11.75,774.5,13.18,42.24,18,1.882,0
WFR-1019,FAB-BATCH-101,01-08-2026 16:24,1.2137,145.39,444.59,12.744,2194.1,20.14,348.44,23.25,0.0577,13.35,772.53,12.33,44.98,17,1.771,0
WFR-1020,FAB-BATCH-101,01-08-2026 16:52,1.1935,158.34,456.62,11.872,2238.6,26.79,355.33,26.19,0.0526,11.72,774.47,14.69,43.07,16,1.959,0
WFR-1021,FAB-BATCH-101,01-08-2026 17:20,1.3086,155.49,464.4,12.159,2210,27.97,351.51,24.17,0.0428,11.78,776.71,12.6,44.95,15,1.851,0
WFR-1022,FAB-BATCH-101,01-08-2026 17:48,1.241,152.62,444.44,13.252,2216,23.38,362.86,24.62,0.0563,11.56,775.34,15.31,48.17,13,1.78,0
WFR-1023,FAB-BATCH-101,01-08-2026 18:16,1.2527,148.98,445.06,12.847,2299.7,27.45,341.72,22.99,0.0566,12.64,778.28,12.92,44.24,7,2.03,0
WFR-1024,FAB-BATCH-101,01-08-2026 18:44,1.193,145.68,463.85,13.953,2189,28.55,357.05,24.45,0.0639,11.81,772.15,12.24,45.29,13,1.908,0
WFR-1025,FAB-BATCH-101,01-08-2026 19:12,1.2282,148.33,427.56,13.326,2187.3,28.05,350.38,24.68,0.0616,11.64,776.25,11.42,46.36,20,1.484,0
WFR-1026,FAB-BATCH-101,01-08-2026 19:40,1.2544,154.9,445.34,13.301,2204.7,27.17,355.56,24.43,0.0559,12.35,771.88,10.77,45.42,16,1.801,0
WFR-1027,FAB-BATCH-101,01-08-2026 20:08,1.204,158.48,452.29,11.528,2242.9,31.33,346.51,24.05,0.0365,11.31,775.24,11.31,45.44,15,1.712,0
WFR-1028,FAB-BATCH-101,01-08-2026 20:36,1.265,156.94,455.39,13.035,2139.7,29.04,358.57,23.74,0.0794,12.31,776.85,11.44,44.46,13,1.77,0
WFR-1029,FAB-BATCH-101,01-08-2026 21:04,1.226,147.8,443.88,12.463,2121.4,27.43,352.36,25.4,0.0332,12.89,774.46,12.97,44.65,15,1.836,0
WFR-1030,FAB-BATCH-101,01-08-2026 21:32,1.2383,144.96,450.41,12.114,2176.5,26.85,344.56,24.52,0.0614,12.28,776.38,11.87,43.56,17,1.885,0
WFR-1031,FAB-BATCH-101,01-08-2026 22:00,1.2259,150.63,420.14,12.618,2134.6,34.02,349.9,25.73,0.0552,12.32,772.6,12.72,46.27,14,1.876,0
WFR-1032,FAB-BATCH-101,01-08-2026 22:28,1.3241,142.04,442.1,13.162,2183,33.28,348.08,24.08,0.0359,12.44,770.84,14.04,42.39,17,1.958,0
WFR-1033,FAB-BATCH-101,01-08-2026 22:56,1.2495,151.45,455.44,12.851,2220.1,32.78,353.91,24.15,0.0485,12.85,776.39,12.39,46.46,17,1.914,0
WFR-1034,FAB-BATCH-101,01-08-2026 23:24,1.2077,149.34,438.21,11.885,2164.4,32.27,340.56,25.15,0.0491,12.6,779.36,14.99,42.89,12,1.907,0
WFR-1035,FAB-BATCH-101,01-08-2026 23:52,1.2829,147.9,450.71,13.02,2142.9,32.64,349.77,23.2,0.0657,12.22,772.51,11.09,46.44,20,1.87,0
WFR-1036,FAB-BATCH-101,02-08-2026 00:20,1.2012,142.82,455.36,12.054,2202.8,32.1,353.16,23.53,0.0414,12.45,778.06,12.32,44.47,20,1.979,0
WFR-1037,FAB-BATCH-101,02-08-2026 00:48,1.2584,152.31,445.89,12.652,2234.5,33.94,350.26,25.38,0.0469,11.56,775.11,11.85,43.15,21,1.818,0
WFR-1038,FAB-BATCH-101,02-08-2026 01:16,1.1716,147.6,452.05,12.288,2132.2,31.11,360.78,23.56,0.022,12.39,771.66,13.62,45.87,15,1.821,0
WFR-1039,FAB-BATCH-101,02-08-2026 01:44,1.1969,144.74,438.45,12.347,2232.8,34.43,356.19,23.04,0.0708,11.5,772.17,9.81,46.39,13,1.659,0
WFR-1040,FAB-BATCH-101,02-08-2026 02:12,1.2579,137.07,447.52,13.036,2232.7,35.83,349.94,25.99,0.0372,11.82,775.04,10.77,44.34,19,1.956,0
WFR-1041,FAB-BATCH-101,02-08-2026 02:40,1.2795,149.88,457.32,11.772,2238.2,38.22,351.73,23.38,0.0539,10.46,773.99,12.37,46.08,15,1.842,0
WFR-1042,FAB-BATCH-101,02-08-2026 03:08,1.2569,157.98,451.88,13.862,2248.7,37.47,352.37,24.65,0.0488,12.2,771.72,14.36,41.57,9,2.143,0
WFR-1043,FAB-BATCH-101,02-08-2026 03:36,1.2454,157.48,442.96,11.225,2288.1,39.69,353.23,24.56,0.0488,11.68,770.76,12.77,43.02,16,1.809,0
WFR-1044,FAB-BATCH-101,02-08-2026 04:04,1.238,147.94,452.69,12.082,2185.8,41.35,335.39,22.25,0.0597,12.56,772.88,10.88,46.94,12,1.859,0
WFR-1045,FAB-BATCH-101,02-08-2026 04:32,1.1909,147.29,458.58,12.759,2204.4,41.32,347.59,24.29,0.0701,12.2,775.48,11.06,44.66,9,1.905,0
WFR-1046,FAB-BATCH-101,02-08-2026 05:00,1.2212,152.11,425.4,12.909,2183.3,40.69,338.12,24.86,0.053,12.56,774.98,14.51,42.21,7,1.74,0
WFR-1047,FAB-BATCH-101,02-08-2026 05:28,1.2316,145.51,463.91,12.43,2200.1,40.32,360.23,24.78,0.0579,11.46,773.75,11.75,43.95,16,1.886,0
WFR-1048,FAB-BATCH-101,02-08-2026 05:56,1.2923,151.36,445.96,12.46,2261.3,38.89,349.51,25.22,0.0539,12.52,775.5,11.37,43.61,18,1.853,0
WFR-1049,FAB-BATCH-101,02-08-2026 06:24,1.2637,153.45,455.11,12.787,2146.2,42.88,348.45,24.19,0.0622,13.05,777.6,14.27,44.75,10,1.82,0
WFR-1050,FAB-BATCH-101,02-08-2026 06:52,1.1795,155.52,464.37,12.338,2165.6,45.31,357.17,25.07,0.0444,12.38,775.99,13.71,44.44,18,1.967,0
WFR-1051,FAB-BATCH-101,02-08-2026 07:20,1.263,149.55,433.54,13.475,2255.1,43.18,353.38,23.95,0.0629,12.4,774.7,14.03,45.27,12,1.76,0
WFR-1052,FAB-BATCH-101,02-08-2026 07:48,1.2346,149.08,441.49,13.088,2240.8,46.88,340.97,23.37,0.0633,12.08,777.32,11.36,44.9,18,1.877,0
WFR-1053,FAB-BATCH-101,02-08-2026 08:16,1.2229,146.05,446.54,13.111,2185.5,40.55,349.43,23.46,0.063,11.74,772.6,10.67,47.04,10,1.995,0
WFR-1054,FAB-BATCH-101,02-08-2026 08:44,1.2745,146.28,440.59,11.824,2234.2,41.84,347.32,23.33,0.0421,12.38,774.44,12.66,45.64,10,1.779,0
WFR-1055,FAB-BATCH-101,02-08-2026 09:12,1.2912,148.98,470.82,12.444,2213.6,46.41,336.04,25.31,0.048,11.25,774.5,12.9,45.69,16,1.82,0
WFR-1056,FAB-BATCH-101,02-08-2026 09:40,1.2873,151.65,439.72,12.29,2260,45.78,344.48,23.29,0.0529,11.79,771.91,12.94,46.75,10,2.085,0
WFR-1057,FAB-BATCH-101,02-08-2026 10:08,1.2164,154.11,443.33,11.796,2203,48.43,348.53,24.72,,11.11,773.95,14.27,44.42,8,1.897,0
WFR-1058,FAB-BATCH-101,02-08-2026 10:36,1.2376,146.39,452.45,12.752,2241,46.32,349.08,24.29,0.0691,11.65,769.81,10.42,43.11,15,1.799,0
WFR-1059,FAB-BATCH-101,02-08-2026 11:04,1.2633,156.72,435.57,12.124,2305.7,45.16,338.14,24.42,0.0499,12.32,779.78,13.53,46.81,16,1.93,0
WFR-1060,FAB-BATCH-101,02-08-2026 11:32,1.289,148.78,445.25,12.959,2223.9,47.02,359.21,25.59,0.0534,12.25,772.66,11.18,45.2,10,1.793,0
WFR-1061,FAB-BATCH-101,02-08-2026 12:00,,149.9,453.81,11.751,2202,44.93,349.18,24.15,0.0431,12.03,778.97,13.53,45.21,17,1.694,0
WFR-1062,FAB-BATCH-101,02-08-2026 12:28,1.2426,146.64,446.01,13.703,2228.9,46.29,350.3,24.99,0.0341,12.09,775.1,11.93,44.05,16,1.987,0
WFR-1063,FAB-BATCH-101,02-08-2026 12:56,1.2057,139.09,448.88,11.873,2185.4,51.04,353.21,24.53,0.0428,11.06,776.41,11.52,44.07,18,1.74,1
WFR-1064,FAB-BATCH-101,02-08-2026 13:24,1.2022,153.98,443.65,12.654,2295.5,51.4,343.7,24.38,0.0526,11.81,773.78,11.77,46.27,13,2.095,0
WFR-1065,FAB-BATCH-101,02-08-2026 13:52,1.2825,153.32,431.83,13.054,2207.2,50.93,353.65,26.34,0.0581,11.66,775.52,10.77,46.48,16,1.801,0
WFR-1066,FAB-BATCH-101,02-08-2026 14:20,1.3042,148.73,453.86,12.101,2189.1,47.31,347.06,23.35,0.0519,11.67,776.63,12.55,46.18,16,2.063,0
WFR-1067,FAB-BATCH-101,02-08-2026 14:48,1.2471,150.3,471.06,13.097,2166.6,50.58,342.83,25.53,0.0542,12.3,776.66,11.57,46.19,12,1.713,0
WFR-1068,FAB-BATCH-101,02-08-2026 15:16,1.2901,152.32,450.22,11.64,2243.9,49.4,354.59,25.03,0.046,11.57,776.94,13.44,45.85,12,1.953,0
WFR-1069,FAB-BATCH-101,02-08-2026 15:44,1.2645,,452.7,13.516,2234.7,54.75,361.93,24.12,0.056,11.7,774.08,13.27,45.2,11,1.9,0
WFR-1070,FAB-BATCH-101,02-08-2026 16:12,1.2242,147.62,458.31,12.51,2180.1,51.78,355.8,25.8,0.0678,10.96,773.8,14.53,44.74,10,1.934,0
WFR-1071,FAB-BATCH-101,02-08-2026 16:40,1.2645,153.57,434.77,12.083,2223.1,51.33,357.38,23.02,0.0585,11.85,771.01,12.94,46.82,11,1.947,0
WFR-1072,FAB-BATCH-101,02-08-2026 17:08,,144.36,470.43,12.291,2139.7,54.11,345.83,24.08,0.0597,11.46,776.31,13.12,44.44,15,1.8,1
WFR-1073,FAB-BATCH-101,02-08-2026 17:36,1.2486,151.32,452.43,13.066,2207.4,53.32,337.22,23.53,0.0535,12.04,777.71,14.18,45.55,16,1.719,0
WFR-1074,FAB-BATCH-101,02-08-2026 18:04,1.3126,143.9,469.58,12.091,2218.1,58.12,361.92,24.83,0.032,11.52,779.04,11.75,43.79,9,1.845,0
WFR-1075,FAB-BATCH-101,02-08-2026 18:32,1.1452,152.1,441.2,11.975,2268.3,54.23,366.44,23.61,0.0375,12.05,775.76,10.71,44.01,14,1.872,0
WFR-1076,FAB-BATCH-102,02-08-2026 19:00,1.2829,149.84,471.82,12.345,2169.2,12.2,362.34,24.85,0.0555,11.93,773.08,12.74,44.65,14,1.803,0
WFR-1077,FAB-BATCH-102,02-08-2026 19:28,1.2535,142.73,459.3,11.676,2148.9,11.24,347.31,24.35,0.0499,12.84,770.76,10.79,43.79,12,1.878,0
WFR-1078,FAB-BATCH-102,02-08-2026 19:56,1.238,155.24,456.64,13.774,2164.2,16.04,340.76,24.12,0.0553,12.25,777.6,15.44,46.2,13,1.883,0
WFR-1079,FAB-BATCH-102,02-08-2026 20:24,1.2537,146.69,452.81,12.104,2146.5,15.53,341.47,24.81,0.0701,11.08,770.51,14.25,42.98,12,1.759,0
WFR-1080,FAB-BATCH-102,02-08-2026 20:52,1.1705,146.35,447.02,13.082,2253.5,14.34,336.53,24.29,0.0587,11.37,774.15,15.1,45.15,19,1.889,0
WFR-1081,FAB-BATCH-102,02-08-2026 21:20,1.2412,150.9,464.41,12.647,2261.9,20.13,349.14,23.63,0.0651,12.03,774.44,12.57,45.2,21,1.823,0
WFR-1082,FAB-BATCH-102,02-08-2026 21:48,1.2643,155.17,451.68,11.811,2212.8,19.63,362.85,26.74,0.0511,11.54,774.83,13.16,42.28,8,1.78,0
WFR-1083,FAB-BATCH-102,02-08-2026 22:16,1.3091,145.43,426.4,12.496,2248.9,18.79,348.87,24.11,0.0403,10.52,775.09,11.95,44.34,15,1.929,0
WFR-1084,FAB-BATCH-102,02-08-2026 22:44,1.2293,150.28,436.59,13.049,2205.4,22.13,352.42,22.73,0.0493,12.67,775.35,13.56,45.38,16,1.772,0
WFR-1085,FAB-BATCH-102,02-08-2026 23:12,1.2177,151.93,447.77,12.368,2196.2,21.28,361,23.83,0.0403,12.36,768.96,11.04,45.64,17,1.804,0
WFR-1086,FAB-BATCH-102,02-08-2026 23:40,1.2299,,453.72,13.335,2186.7,18.85,346.77,23.49,0.0687,12.26,775.04,9.45,44.69,13,1.857,0
WFR-1087,FAB-BATCH-102,03-08-2026 00:08,1.2866,150.79,449.32,13.215,2187.6,18.97,366.28,25.16,0.0595,11.7,769.43,11.55,46.02,18,1.987,0
WFR-1088,FAB-BATCH-102,03-08-2026 00:36,1.2632,148.35,464.63,13.143,2138.1,23.24,365.94,24.76,0.0562,12.21,776.83,10.75,44.84,15,1.869,0
WFR-1089,FAB-BATCH-102,03-08-2026 01:04,1.2288,146.28,426.59,12.178,2210.6,22.94,348.95,24.82,,11.65,773.61,14.27,45.02,21,1.903,0
WFR-1090,FAB-BATCH-102,03-08-2026 01:32,1.2705,150.39,451.72,11.744,2198.4,23.04,345.38,24.2,0.0258,12.1,769.61,14.68,45.38,6,1.82,0
WFR-1091,FAB-BATCH-102,03-08-2026 02:00,1.2539,145.18,428.18,12.07,2229.8,21.56,355.58,24.28,0.0571,11.54,772.96,10.82,46.39,9,1.842,0
WFR-1092,FAB-BATCH-102,03-08-2026 02:28,1.2887,136.85,459.12,12.637,2203.7,25.02,347.22,24.2,0.0343,12.76,773.57,14.05,43.99,15,1.845,0
WFR-1093,FAB-BATCH-102,03-08-2026 02:56,1.2219,151.96,448.87,12.882,2193.5,22.84,340.75,24.44,0.0499,11.21,777.98,13.64,44.27,11,1.879,0
WFR-1094,FAB-BATCH-102,03-08-2026 03:24,1.2369,154.07,455.04,10.98,2165.2,24.7,360.25,25.17,0.0463,12.62,775.49,10.62,44,13,1.82,0
WFR-1095,FAB-BATCH-102,03-08-2026 03:52,1.2343,139.37,439.63,12.494,2202.9,28.34,359.73,24.77,0.0579,12.02,775.86,12.03,44.5,21,1.984,0
WFR-1096,FAB-BATCH-102,03-08-2026 04:20,1.1915,145.46,465.35,12.611,2229.5,24.68,351.24,24.9,0.0527,11.76,777.95,11.8,47.14,17,1.813,1
WFR-1097,FAB-BATCH-102,03-08-2026 04:48,1.2618,152.79,462.5,12.306,2154.3,23.4,339.9,24.9,0.0661,12.08,774.76,13.4,45.86,7,1.679,0
WFR-1098,FAB-BATCH-102,03-08-2026 05:16,1.2604,159.26,457,13.404,2203.5,24.99,340.16,25.21,0.0428,12.37,776.89,11.03,43.3,21,2.124,0
WFR-1099,FAB-BATCH-102,03-08-2026 05:44,1.2502,150.09,448.45,12.795,2209.3,29.64,350.86,24.73,0.0585,12.68,776.71,12.38,44.1,8,1.817,0
WFR-1100,FAB-BATCH-102,03-08-2026 06:12,1.2406,146.72,456.96,13.417,2171.3,28.71,346,24.79,0.0519,12.16,771.78,11.68,45.56,17,1.981,0
WFR-1101,FAB-BATCH-102,03-08-2026 06:40,1.1934,149.18,441.52,12.349,2176.5,28.49,347.27,25.45,0.0304,11.55,778.68,13.07,43.64,12,1.99,0
WFR-1102,FAB-BATCH-102,03-08-2026 07:08,1.2332,156.19,460.27,13.156,2209.2,28.28,358.18,23.97,0.039,12.03,771.45,12.24,43.91,14,1.945,0
WFR-1103,FAB-BATCH-102,03-08-2026 07:36,1.2363,147.09,469.79,13.645,2154.7,30.82,355.87,23.82,0.0482,12.91,777.29,11.86,47.02,9,1.83,0
WFR-1104,FAB-BATCH-102,03-08-2026 08:04,1.2179,146.4,462.85,13.418,2214,28.7,361.03,23.55,0.0633,12.67,771.21,12.24,44.08,15,1.879,0
WFR-1105,FAB-BATCH-102,03-08-2026 08:32,1.2435,147.83,441.24,11.736,2164.2,31.56,342.08,24.65,0.0556,12.45,776.5,14.94,46.43,19,1.723,0
WFR-1106,FAB-BATCH-102,03-08-2026 09:00,1.2662,145.71,454.34,12.322,2242.5,30.04,347.25,23.02,0.036,12.4,779.65,12,46.88,11,2.049,0
WFR-1107,FAB-BATCH-102,03-08-2026 09:28,1.3254,150.55,434.48,12.258,2293.5,30.25,356.07,24.87,0.0483,12.35,774.47,11.25,43.9,17,1.765,0
WFR-1108,FAB-BATCH-102,03-08-2026 09:56,1.257,157.31,456.87,12.842,2165.6,31.33,353.58,24.41,0.0742,12.58,774.36,13.2,43.67,15,1.825,0
WFR-1109,FAB-BATCH-102,03-08-2026 10:24,1.2603,151.45,455.41,12.98,2221.4,32.4,362.26,25.41,0.0513,11.77,776.53,12.33,44.59,8,1.86,0
WFR-1110,FAB-BATCH-102,03-08-2026 10:52,1.247,148.86,427.56,11.913,2170.9,33.6,353.36,23.96,0.0461,11.32,774.18,10.8,43.37,7,1.839,0
WFR-1111,FAB-BATCH-102,03-08-2026 11:20,1.1732,148.69,436.06,12.547,2241.6,34.72,364.78,24.34,0.0559,12.03,779.55,15.18,45.18,13,1.784,0
WFR-1112,FAB-BATCH-102,03-08-2026 11:48,1.2489,142.97,446.6,11.086,2149.4,27.42,354.32,25.4,0.0592,11.59,775.48,12.08,44.69,15,1.989,0
WFR-1113,FAB-BATCH-102,03-08-2026 12:16,1.2524,153.97,446.39,13.509,2219.2,33.73,358.5,25.61,0.0445,11.47,774.2,12.05,45.54,15,1.945,0
WFR-1114,FAB-BATCH-102,03-08-2026 12:44,1.3485,,435.49,12.141,2165.1,35.12,347.41,23.96,0.056,11.64,773.65,12.69,47.1,24,1.882,0
WFR-1115,FAB-BATCH-102,03-08-2026 13:12,1.2423,149.19,454.67,12.539,2191.7,39.46,350.11,24.65,0.0461,13.24,772.67,14.58,46.23,23,1.81,0
WFR-1116,FAB-BATCH-102,03-08-2026 13:40,1.2621,164.37,453.02,12.283,2158.8,34.84,357.29,24.74,0.0586,12.07,773.43,10.48,45.73,15,1.956,0
WFR-1117,FAB-BATCH-102,03-08-2026 14:08,1.2486,151.34,447.67,13.302,2232.9,37.88,362.9,24.8,0.052,12.18,774.12,12.83,42.05,8,1.804,0
WFR-1118,FAB-BATCH-102,03-08-2026 14:36,1.2033,146.62,440.93,10.514,2166.5,41.09,355.83,24.29,0.0558,11.39,773.78,15,45.67,18,2.007,0
WFR-1119,FAB-BATCH-102,03-08-2026 15:04,1.2957,148.08,462.58,12.488,2222.1,36.02,349.33,25.53,,11.08,773.35,12.65,47.58,16,1.861,0
WFR-1120,FAB-BATCH-102,03-08-2026 15:32,1.2801,155.17,469.86,12.426,2186.2,39.99,361.02,22.99,0.0401,11.59,780.25,11.02,40.48,14,1.973,0
WFR-1121,FAB-BATCH-102,03-08-2026 16:00,1.2816,150.51,444.2,12.182,2195.4,38.15,332.46,24.16,,12.72,772.42,11.76,46.03,20,1.839,0
WFR-1122,FAB-BATCH-102,03-08-2026 16:28,1.2136,143.53,442.65,13.708,2205.9,39.29,338.62,24.86,0.049,12.17,775.37,12.75,44.76,12,1.857,0
WFR-1123,FAB-BATCH-102,03-08-2026 16:56,1.3061,154.14,455.89,11.879,2169.5,39.24,355.45,24.87,0.0534,12.3,776.48,14.1,43.73,24,1.973,0
WFR-1124,FAB-BATCH-102,03-08-2026 17:24,1.1939,146.99,445.7,13.04,2208.4,39.94,350.11,25.58,0.0463,12.37,776.58,12.09,46.2,19,2.069,0
WFR-1125,FAB-BATCH-102,03-08-2026 17:52,1.2735,158.43,448.33,12.749,2261.2,47.39,354.84,25.46,0.0608,11.7,774.85,13.49,47.56,13,2.006,0
WFR-1126,FAB-BATCH-102,03-08-2026 18:20,1.3376,154.86,458.88,13.383,2168.9,44.19,350.52,24.27,0.0427,12.69,774.4,10.78,46.16,17,1.938,0
WFR-1127,FAB-BATCH-102,03-08-2026 18:48,1.2104,147.99,427.09,12.033,2246.9,45.25,354.57,25.54,0.0484,11.68,776.13,10.77,44.44,16,1.909,0
WFR-1128,FAB-BATCH-102,03-08-2026 19:16,1.2273,155.76,465.82,11.987,2259.9,44.58,343.48,23.93,0.0594,12.7,775.67,11.92,43.58,20,1.799,1
WFR-1129,FAB-BATCH-102,03-08-2026 19:44,,150.31,450.87,13.267,2167.4,40.94,354.56,25.24,0.0641,12.22,774.35,14.23,45.22,16,1.88,0
WFR-1130,FAB-BATCH-102,03-08-2026 20:12,1.2299,153.84,445.06,12.798,2141.8,45.49,357.96,25.95,0.0437,11.11,771.1,12.58,46.31,13,1.759,0
WFR-1131,FAB-BATCH-102,03-08-2026 20:40,1.188,152.18,448.93,11.419,2212.1,47.4,359.76,25.47,0.0735,11.63,773.83,12.85,44.42,14,1.888,0
WFR-1132,FAB-BATCH-102,03-08-2026 21:08,1.2527,146.19,449.55,12.122,2178.1,44.09,366.11,24.58,0.0538,11.11,772.13,12.83,44.56,15,1.894,0
WFR-1133,FAB-BATCH-102,03-08-2026 21:36,1.2075,147.1,429.23,12.77,2274.7,48.28,351.95,24.23,0.0375,12.58,773.33,13.83,49.23,16,1.654,0
WFR-1134,FAB-BATCH-102,03-08-2026 22:04,1.2689,154.63,467.94,13.086,2201.4,48.31,352.19,23.28,0.0544,11.99,775.08,11.77,46.62,11,1.854,0
WFR-1135,FAB-BATCH-102,03-08-2026 22:32,1.2132,148.49,450.5,12.025,2167.9,51.15,337.81,24.75,0.0454,10.89,775.9,13.33,46.73,16,1.891,0
WFR-1136,FAB-BATCH-102,03-08-2026 23:00,1.312,148.18,455.32,10.46,2154.1,47.16,345.75,23.61,,12.19,779.45,11.5,42.81,8,1.842,1
WFR-1137,FAB-BATCH-102,03-08-2026 23:28,1.2187,145.7,461.42,12.866,2243.6,46.35,348.46,23.87,0.0495,11.73,773.66,14.88,43.94,21,1.886,0
WFR-1138,FAB-BATCH-102,03-08-2026 23:56,1.2371,151.91,437.75,11.646,2177.2,48.38,358.4,23.55,0.0509,11.26,776.94,11.54,45.11,16,1.716,0
WFR-1139,FAB-BATCH-102,04-08-2026 00:24,1.2825,159.28,455.68,11.088,2201.8,52.52,345.11,24.13,0.0391,12.84,775.76,11.44,43.5,13,1.772,0
WFR-1140,FAB-BATCH-102,04-08-2026 00:52,1.2008,145.2,446.79,10.517,2238.2,46.54,356.37,24.48,0.0619,12.05,778.24,13.16,47.4,15,1.953,0
WFR-1141,FAB-BATCH-102,04-08-2026 01:20,1.2591,150.11,460.16,13.07,2180.6,46.61,349.99,24.72,0.0361,11.85,776.44,12.6,47.12,13,1.85,0
WFR-1142,FAB-BATCH-102,04-08-2026 01:48,1.3023,156.35,424.47,12.59,2198.2,51.48,348.58,24.02,0.0367,11.8,772.48,12.89,44.2,22,1.884,0
WFR-1143,FAB-BATCH-102,04-08-2026 02:16,1.1857,149.64,448.81,12.342,2199.3,50.96,351.99,25.36,0.0544,11.24,770.69,12.77,47.68,15,1.795,0
WFR-1144,FAB-BATCH-102,04-08-2026 02:44,1.2574,152.04,442.77,13.472,2227.3,52.42,346.87,24.33,0.0692,11.35,775.78,11.19,44.99,22,1.852,0
WFR-1145,FAB-BATCH-102,04-08-2026 03:12,1.2604,145.22,455.19,12.946,2223.6,54.84,346.57,23.87,0.0458,12.64,773.68,14.44,48.88,12,1.62,0
WFR-1146,FAB-BATCH-102,04-08-2026 03:40,1.2813,151.93,455.64,13.631,2191.2,52.39,336.36,24.68,0.0584,11.76,772.55,13.57,45.22,16,1.935,0
WFR-1147,FAB-BATCH-102,04-08-2026 04:08,1.2005,149.16,441.51,11.525,2202.5,50.3,348.02,26.07,0.0629,12.01,771.83,14.13,45.86,9,2.031,0
WFR-1148,FAB-BATCH-102,04-08-2026 04:36,1.1972,154.44,441.45,12.476,2185.1,58.69,346.16,24.77,0.0598,10.98,775.4,11.87,47.1,13,1.743,0
WFR-1149,FAB-BATCH-102,04-08-2026 05:04,1.2709,155.34,448.67,11.368,2140.9,53.16,345.87,24.21,,11.34,778.77,13,46.92,10,1.756,0
WFR-1150,FAB-BATCH-102,04-08-2026 05:32,1.2619,161.65,439.24,12.339,2210.3,53.58,353.33,23.28,0.0369,12.3,773.98,12.74,45.77,16,1.894,0
WFR-1151,FAB-BATCH-103,04-08-2026 06:00,1.26,152.61,460.1,12.326,2275.7,17.21,355.27,24.32,0.0235,12.19,776.48,13.85,44.79,10,1.997,0
WFR-1152,FAB-BATCH-103,04-08-2026 06:28,1.2639,,445.57,12.939,2164.7,14.78,351.86,24.69,0.0468,12.88,774.74,13.89,45.77,15,1.85,0
WFR-1153,FAB-BATCH-103,04-08-2026 06:56,1.2228,,415.12,12.532,2169.1,15.97,357.96,24.19,0.0641,12.67,771.78,12.73,43.78,15,1.727,0
WFR-1154,FAB-BATCH-103,04-08-2026 07:24,1.2593,148.41,445.5,12.936,2165.2,17.62,354.6,23.17,0.0365,11.88,776.84,10.68,45.23,18,1.829,0
WFR-1155,FAB-BATCH-103,04-08-2026 07:52,1.2617,151.52,437.54,12.992,2229,19.37,347.64,23.82,0.0584,12.24,772.26,14.64,43.34,22,1.747,0
WFR-1156,FAB-BATCH-103,04-08-2026 08:20,1.2214,148.67,430.42,14.008,2217.9,17.08,346.3,25.66,0.0386,11.84,775.05,13.17,42.33,14,1.783,0
WFR-1157,FAB-BATCH-103,04-08-2026 08:48,1.3246,150.76,435.15,12.279,2193.7,21.34,352.5,25.65,0.0513,13.03,774.15,11.77,45.08,14,1.82,0
WFR-1158,FAB-BATCH-103,04-08-2026 09:16,1.269,155.93,451.31,11.841,2163.3,14.58,354.59,23.79,0.0585,12.57,777.23,12.99,46.89,18,1.757,0
WFR-1159,FAB-BATCH-103,04-08-2026 09:44,1.2023,145.47,465.94,12.672,2203.7,20.92,361.18,25.04,0.0421,12.08,772.35,10.69,46.39,24,1.772,0
WFR-1160,FAB-BATCH-103,04-08-2026 10:12,1.2763,155.13,453.76,11.938,2137.4,18.27,359.53,23.56,0.052,12.1,775.98,13.77,44.88,13,1.857,0
WFR-1161,FAB-BATCH-103,04-08-2026 10:40,1.211,155.93,442.72,13.537,2205.7,23.24,345.67,25.62,0.045,12.72,772.9,10.73,47.62,16,1.872,0
WFR-1162,FAB-BATCH-103,04-08-2026 11:08,1.2815,149.47,455.47,12.302,2234.9,21.33,349.18,24.7,0.0585,12.29,773.72,12.23,44.15,15,1.708,0
WFR-1163,FAB-BATCH-103,04-08-2026 11:36,1.2963,140.45,444.49,12.104,2150,20.25,355.37,25.26,0.0528,12.78,765.91,12.79,42.12,20,1.89,0
WFR-1164,FAB-BATCH-103,04-08-2026 12:04,1.2172,147.26,441.66,12.17,2138.7,23.48,358.54,23.13,0.0507,10.9,780.23,13.75,41.73,19,1.812,0
WFR-1165,FAB-BATCH-103,04-08-2026 12:32,1.2885,155.84,436.15,13.003,2263.2,24.49,357.51,25.04,0.0687,12.23,776.38,12.63,43.23,14,1.922,0
WFR-1166,FAB-BATCH-103,04-08-2026 13:00,1.2665,149.9,428.98,12.39,2175.5,24.53,349.49,24.49,0.0579,11.74,773.08,13.26,46.22,17,1.928,0
WFR-1167,FAB-BATCH-103,04-08-2026 13:28,1.2829,145.5,445.32,12.051,2245.4,21.74,339.97,25.18,0.0417,12.88,772.19,12.47,44.05,13,1.796,0
WFR-1168,FAB-BATCH-103,04-08-2026 13:56,1.3259,147.73,451.9,13.666,2193.8,23.38,342.01,25.23,0.049,12.77,773.76,12.46,45.69,12,1.911,0
WFR-1169,FAB-BATCH-103,04-08-2026 14:24,1.2402,153.78,448.84,11.901,2193.5,24.89,352.18,24.55,0.0491,12.02,776.79,12.6,47.47,17,1.766,0
WFR-1170,FAB-BATCH-103,04-08-2026 14:52,1.2199,152.46,445.01,12.525,2217.5,25.37,352.74,24.02,0.051,12.77,770.27,12.27,43.35,15,1.982,0
WFR-1171,FAB-BATCH-103,04-08-2026 15:20,1.2144,148.92,438.65,12.957,2164.6,27.5,341.21,25.12,0.0803,12.89,774.65,10.48,45.72,16,1.77,0
WFR-1172,FAB-BATCH-103,04-08-2026 15:48,1.2174,148.35,457.3,11.358,2205.3,22.52,350.36,24.45,0.0545,12.04,779.43,11.58,45.81,15,1.885,0
WFR-1173,FAB-BATCH-103,04-08-2026 16:16,1.2469,148.24,434.19,12.836,2184.7,27.77,355.05,23.8,0.0256,13.24,772.17,12.79,43.71,15,1.831,0
WFR-1174,FAB-BATCH-103,04-08-2026 16:44,1.2636,145.85,459.31,11.761,2147.2,27.07,340.79,23.76,0.0435,11.98,775.2,12.2,47.03,17,1.748,0
WFR-1175,FAB-BATCH-103,04-08-2026 17:12,1.2611,157.27,437.97,13.076,2213.5,26.52,358.84,23.32,0.0268,11.89,780.51,12.31,44.57,14,1.94,0
WFR-1176,FAB-BATCH-103,04-08-2026 17:40,1.2831,148.55,440.97,11.826,2189.5,27.27,346.98,24.09,0.046,12.43,776.58,12.11,44.42,12,1.789,0
WFR-1177,FAB-BATCH-103,04-08-2026 18:08,1.2505,155.48,432.4,12.985,2193.7,28.87,360.06,25.38,0.0262,11.82,775.31,11.46,48.17,8,1.68,0
WFR-1178,FAB-BATCH-103,04-08-2026 18:36,1.3081,156.85,443.98,13.274,2151.6,22.65,345.73,24.64,0.0395,12.04,776.27,11.91,45.78,17,1.562,0
WFR-1179,FAB-BATCH-103,04-08-2026 19:04,1.2394,154.49,461.7,13.103,2263.7,29,341.79,24.08,0.0318,12.7,774,12.13,46.39,13,1.762,0
WFR-1180,FAB-BATCH-103,04-08-2026 19:32,1.3588,148.06,456.19,12.676,2235.1,29.2,346.33,25.14,0.0546,12.01,778.25,12.51,47.03,13,1.988,0
WFR-1181,FAB-BATCH-103,04-08-2026 20:00,1.275,151.82,461.74,12.338,2238.6,32.57,349.24,23.83,0.05,11.15,774,12.97,44.02,15,1.976,0
WFR-1182,FAB-BATCH-103,04-08-2026 20:28,1.2157,149.89,456.27,12.097,2187.8,30.44,346.89,24.58,0.0536,12.18,770.1,12.28,46.87,18,1.778,0
WFR-1183,FAB-BATCH-103,04-08-2026 20:56,1.2072,,436.76,13.53,2130.8,32.17,348.27,24.36,0.0487,11.65,774.02,11.26,44.25,19,1.813,0
WFR-1184,FAB-BATCH-103,04-08-2026 21:24,1.2693,151.46,446.03,12.01,2278.1,36.23,352.67,25.12,0.0333,12.43,772.58,10.82,44.18,10,1.804,0
WFR-1185,FAB-BATCH-103,04-08-2026 21:52,1.2411,144.69,440.64,11.774,2197.6,35.69,348.63,23.24,0.0562,12.35,774.3,15.62,44.59,23,1.717,0
WFR-1186,FAB-BATCH-103,04-08-2026 22:20,1.2786,155.34,465.97,12.966,2170,36.05,349.47,23.82,0.0731,12.74,774.35,11.14,44.07,17,1.755,1
WFR-1187,FAB-BATCH-103,04-08-2026 22:48,1.2689,147.91,435.64,11.943,2216.7,33.8,336.33,23.19,0.0549,12.45,777.99,11.88,46.23,10,1.948,0
WFR-1188,FAB-BATCH-103,04-08-2026 23:16,1.2471,150.91,460.72,11.835,2246.7,36.44,353.13,24.29,0.0449,12.55,776.74,13.12,45.4,11,1.9,1
WFR-1189,FAB-BATCH-103,04-08-2026 23:44,1.2161,151.27,460.72,11.489,2199.1,35.43,349.29,25.47,0.0329,11.67,775.66,12.93,44.26,9,1.877,0
WFR-1190,FAB-BATCH-103,05-08-2026 00:12,1.1894,148.83,471.96,12.162,2251.1,36.06,362.88,24.1,0.0391,12.4,774.99,13.13,46.01,13,1.716,0
WFR-1191,FAB-BATCH-103,05-08-2026 00:40,1.2321,152.64,445.08,12.442,2243.3,37.82,342.48,24.09,0.0554,12.98,772.35,11.97,44.59,12,1.86,0
WFR-1192,FAB-BATCH-103,05-08-2026 01:08,1.2843,147.86,458.55,12.67,2156.9,36.36,335.53,25.2,0.0629,11.66,769.55,12.79,44.51,13,1.62,0
WFR-1193,FAB-BATCH-103,05-08-2026 01:36,1.2586,153.92,477.38,13.166,2173,41.09,354.94,25.35,0.0531,12.9,775.28,12.57,45.07,17,1.934,0
WFR-1194,FAB-BATCH-103,05-08-2026 02:04,1.2002,143.94,442.59,12.869,2238.3,38.33,352.77,24.43,0.0596,11.73,776.99,12.13,45.7,15,1.876,0
WFR-1195,FAB-BATCH-103,05-08-2026 02:32,1.2569,150.57,431.58,12.366,2091.5,40.44,341.93,25.05,0.0585,11.57,774.73,12.79,45.58,12,1.715,0
WFR-1196,FAB-BATCH-103,05-08-2026 03:00,1.2654,158.73,427.44,12.361,2194,42.66,337.76,23.64,0.0561,12.15,773.66,13.77,44.46,17,2.012,0
WFR-1197,FAB-BATCH-103,05-08-2026 03:28,1.2146,145.5,458.55,12.857,2142.8,42.36,362.3,25.6,0.0421,12.36,776.16,12.47,46.27,16,1.67,0
WFR-1198,FAB-BATCH-103,05-08-2026 03:56,1.2561,146.95,427.4,13.391,2180.9,38.03,361.31,26.22,0.0521,12.46,774.79,12.48,44.67,10,1.903,0
WFR-1199,FAB-BATCH-103,05-08-2026 04:24,1.2523,152.31,445.53,12.588,2188,42.29,330.1,24.92,0.0398,11.52,779.21,13.78,44.02,13,1.906,1
WFR-1200,FAB-BATCH-103,05-08-2026 04:52,1.2043,150.81,455.25,12.172,2185.7,43.65,346.33,22.83,0.0502,12.22,778.08,13.65,42.8,13,1.726,0
WFR-1201,FAB-BATCH-103,05-08-2026 05:20,1.2643,151.58,452.22,11.805,2177.9,44.28,363.31,24.05,0.054,11.66,777.4,14.4,46.47,13,1.846,0
WFR-1202,FAB-BATCH-103,05-08-2026 05:48,1.2724,152.2,455.11,11.488,2156.1,40.82,346.19,24.99,0.0701,11.26,776.89,10.39,45.02,12,1.686,0
WFR-1203,FAB-BATCH-103,05-08-2026 06:16,1.2933,152.86,452.67,12.966,2291.7,42.29,346.08,24.16,0.0343,11.54,771.77,13.59,45.32,16,1.565,0
WFR-1204,FAB-BATCH-103,05-08-2026 06:44,1.2922,154.99,465.35,12.905,2274.7,46.14,347.74,25.52,0.0558,11.62,776.66,13.22,46.57,15,1.743,1
WFR-1205,FAB-BATCH-103,05-08-2026 07:12,1.1949,151.84,438.57,12.904,2153.5,43.18,341.03,24.97,0.0678,12.26,775.94,11.44,44.28,17,1.788,0
WFR-1206,FAB-BATCH-103,05-08-2026 07:40,1.2125,148.91,441.88,12.41,2263.3,44.65,336.36,23.93,0.0591,12.58,776.52,12.8,42.94,12,1.914,0
WFR-1207,FAB-BATCH-103,05-08-2026 08:08,1.2706,153.03,440.73,13.485,2184,48.95,358.42,24.53,0.06,11.26,776.23,13.76,45.1,5,1.857,0
WFR-1208,FAB-BATCH-103,05-08-2026 08:36,1.2706,158.55,459.96,12.161,2205.2,46.25,335.26,23.78,0.0571,12.18,776.13,11.51,45.46,18,1.859,0
WFR-1209,FAB-BATCH-103,05-08-2026 09:04,1.2706,149.4,460.8,13.169,2197.5,45.45,351.98,24.35,0.0656,11.41,781.75,13.03,44.61,11,1.749,0
WFR-1210,FAB-BATCH-103,05-08-2026 09:32,1.4041,145.61,455.41,12.473,2173.6,45.69,357.09,24.06,0.037,12.31,774.81,13.55,47.21,19,1.797,0
WFR-1211,FAB-BATCH-103,05-08-2026 10:00,1.2728,154.98,464.2,12.074,2239.4,48.67,338.39,25.44,0.0334,11.69,777.34,11.21,41.27,13,1.757,0
WFR-1212,FAB-BATCH-103,05-08-2026 10:28,1.2954,149.46,435.86,12.915,2205,45.88,342.61,26.19,0.0499,11.47,773.82,12.33,46.68,16,1.728,0
WFR-1213,FAB-BATCH-103,05-08-2026 10:56,1.2882,140.22,470.01,12.787,2180.9,48.61,359.71,23.36,0.0241,12.4,776.98,12.86,46.19,21,1.791,0
WFR-1214,FAB-BATCH-103,05-08-2026 11:24,1.2761,153.81,468.28,12.75,2147.8,50.32,354.26,22.96,0.0648,11.71,777.35,11.54,45.69,18,1.857,0
WFR-1215,FAB-BATCH-103,05-08-2026 11:52,1.2374,147.59,458.83,12.557,2164.3,52.8,345.06,24.3,0.0646,11.84,775.91,11.45,40,16,1.793,0
WFR-1216,FAB-BATCH-103,05-08-2026 12:20,,149.59,471.38,12.473,2134.3,52.09,359.62,23.29,0.0448,10.89,779.17,12.34,46.93,14,1.818,0
WFR-1217,FAB-BATCH-103,05-08-2026 12:48,1.2191,151.49,430.12,14.172,2200.5,49.87,359.65,24.54,0.0456,12.47,772.79,13.46,43.46,19,1.919,0
WFR-1218,FAB-BATCH-103,05-08-2026 13:16,1.2405,150.86,443.71,13.329,2152.1,54.21,352.15,25.1,0.0491,12.41,773.78,13.27,44.24,16,1.8,0
WFR-1219,FAB-BATCH-103,05-08-2026 13:44,1.2306,153.19,441.18,13.006,2189.4,51.8,342.8,25.7,0.0506,12,775.53,11.47,44.74,10,1.717,0
WFR-1220,FAB-BATCH-103,05-08-2026 14:12,1.2533,148.04,458.66,12.578,2254.8,50.48,346.69,24.66,0.0515,11.24,777.2,13.28,45.61,9,1.906,0
WFR-1221,FAB-BATCH-103,05-08-2026 14:40,1.3426,,437.4,13.205,2248,53.16,352.29,24.35,0.0567,12.6,775.45,11.5,45.96,8,1.877,0
WFR-1222,FAB-BATCH-103,05-08-2026 15:08,1.1753,148.83,459.09,12.863,2198.7,56.93,348.49,22.92,0.0479,11.67,778.21,10.57,46.34,14,1.883,0
WFR-1223,FAB-BATCH-103,05-08-2026 15:36,1.2775,153.32,466.45,12.518,2196.5,54.93,357.51,24.52,0.0613,11.77,773.35,12.06,46.22,16,1.913,0
WFR-1224,FAB-BATCH-103,05-08-2026 16:04,1.1855,152.77,458.34,12.288,2275.2,55.18,337.76,24.56,0.0554,13.16,772.15,13.85,45.38,6,1.896,0
WFR-1225,FAB-BATCH-103,05-08-2026 16:32,1.2311,145.79,453.41,12.443,2220.8,58.97,338.05,25.01,0.0427,11.65,775.77,13.29,45.62,7,1.853,0
WFR-1226,FAB-BATCH-104,05-08-2026 17:00,1.2936,154.89,438.15,10.281,2186.9,12.14,351.45,23.93,0.101,12.37,774.81,12.5,43.36,15,2.089,0
WFR-1227,FAB-BATCH-104,05-08-2026 17:28,1.2526,147.59,461.84,12.647,2143,12.98,346.07,24.15,0.0687,12.28,776.36,12,43.87,18,1.722,0
WFR-1228,FAB-BATCH-104,05-08-2026 17:56,1.2069,153.64,487,12.158,2215.8,12.87,344.98,23.32,0.0839,12.2,774.93,12.03,46.34,14,1.791,0
WFR-1229,FAB-BATCH-104,05-08-2026 18:24,1.2214,151.65,481.35,13.615,2233.2,17.4,335.86,22.67,0.0966,12.14,774.15,12.63,46.26,14,1.947,0
WFR-1230,FAB-BATCH-104,05-08-2026 18:52,1.2772,158.27,471.53,12.514,2174.7,17.53,350.16,23.61,0.0763,12.19,774.81,11.22,46.09,12,1.864,0
WFR-1231,FAB-BATCH-104,05-08-2026 19:20,1.2208,148.99,444.99,11.668,2211.6,20.84,349.58,23.24,0.0887,12.14,775.07,12.08,44.23,17,1.926,0
WFR-1232,FAB-BATCH-104,05-08-2026 19:48,1.2587,148.43,447.69,12.465,2185.5,18.79,355.23,24.77,0.0565,11.97,774.24,12.24,46.37,12,1.867,0
WFR-1233,FAB-BATCH-104,05-08-2026 20:16,1.2518,149.91,437.15,11.768,2192.6,18.04,350.55,24.09,0.0397,12.76,774.49,10.88,43.26,17,1.987,0
WFR-1234,FAB-BATCH-104,05-08-2026 20:44,1.2239,148.64,494.94,12.831,2100.5,19.4,348.94,24.07,0.0841,11.34,773.99,11.49,46.62,15,1.749,0
WFR-1235,FAB-BATCH-104,05-08-2026 21:12,1.3358,153.6,456.63,12.704,2191.1,20.19,359.42,23.71,0.0481,12.51,777.14,12.99,44.61,9,1.984,0
WFR-1236,FAB-BATCH-104,05-08-2026 21:40,1.2754,142.73,452.27,13.17,2238.8,17.16,339.5,21.91,0.0784,12.41,775.49,12.51,47.53,13,1.967,0
WFR-1237,FAB-BATCH-104,05-08-2026 22:08,1.169,145.26,462.09,11.946,2174.7,26.47,354.29,25.71,0.1126,12.35,780.64,12.13,42.72,15,1.729,0
WFR-1238,FAB-BATCH-104,05-08-2026 22:36,1.2575,145.19,456.94,12.524,2202.1,22.64,336.63,23.7,0.0758,12.56,775.4,11.41,47.65,14,1.913,0
WFR-1239,FAB-BATCH-104,05-08-2026 23:04,1.2235,154.28,474.22,11.544,2169.8,22.57,343.29,24.17,0.0971,11.95,773.62,14.39,44.46,18,1.846,0
WFR-1240,FAB-BATCH-104,05-08-2026 23:32,1.2841,157.7,483.25,12.991,2214.4,23.93,340.3,23.34,0.0803,11.07,781.68,11.49,44.43,16,1.789,0
WFR-1241,FAB-BATCH-104,06-08-2026 00:00,1.2183,149.53,472.15,12.863,2191.3,24.67,356.26,25.28,0.072,11.96,776.03,12.8,45.29,14,1.661,0
WFR-1242,FAB-BATCH-104,06-08-2026 00:28,1.2454,149.24,506.42,12.847,2162.4,23.52,349.48,24.61,0.0862,11.5,777.48,11.91,43.95,17,1.749,1
WFR-1243,FAB-BATCH-104,06-08-2026 00:56,1.2702,150.32,451.98,12.501,2253.3,23.09,349.89,23.84,0.0928,11.63,776.48,12.54,44.89,14,1.921,0
WFR-1244,FAB-BATCH-104,06-08-2026 01:24,1.2846,155.23,462.7,12.79,2237.2,26.1,341.15,24.19,0.061,11.38,776.56,13.05,43.89,16,1.931,0
WFR-1245,FAB-BATCH-104,06-08-2026 01:52,1.202,145.83,469.93,13.623,2175.8,26.22,347.6,25.84,0.0687,11.76,776.34,10.86,43.95,17,1.829,0
WFR-1246,FAB-BATCH-104,06-08-2026 02:20,1.2366,151.07,459.26,12.3,2219.9,24.38,343.89,24.44,0.0853,11.7,772.24,12.49,45.73,17,1.932,0
WFR-1247,FAB-BATCH-104,06-08-2026 02:48,1.231,154.39,477.3,12.597,2221.5,29.39,353.07,24.35,0.088,10.81,775.92,13.93,43.65,11,1.945,0
WFR-1248,FAB-BATCH-104,06-08-2026 03:16,1.2239,152.25,441.2,11.74,2225.7,27.69,342.07,23.75,0.042,12.35,771.69,14.61,43.85,13,1.865,0
WFR-1249,FAB-BATCH-104,06-08-2026 03:44,1.3206,150.85,474.75,11.892,2132.2,29.11,360.64,22.98,0.0904,13.11,774.56,12.34,42.94,17,1.778,0
WFR-1250,FAB-BATCH-104,06-08-2026 04:12,1.2662,154.5,427.71,12.568,2240.3,30.98,336.6,24.37,0.0468,12.3,773.19,12.55,44.24,15,1.894,0
WFR-1251,FAB-BATCH-104,06-08-2026 04:40,1.1996,137.84,479.24,13.273,2177.2,28.79,343.55,24.76,0.0961,11.9,775.89,15.15,46.97,17,1.899,0
WFR-1252,FAB-BATCH-104,06-08-2026 05:08,1.2867,153.05,475.58,12.321,2185.7,29.93,363.42,25.38,0.0694,11.97,775.84,13.86,43.73,14,1.917,0
WFR-1253,FAB-BATCH-104,06-08-2026 05:36,1.3349,147.06,479.66,12.335,2305.5,31.47,346.52,22.7,0.0784,11.79,776.2,11.76,43.9,19,1.937,1
WFR-1254,FAB-BATCH-104,06-08-2026 06:04,1.2913,141.76,462.7,12.215,2212.1,28.95,339.48,23.6,0.0953,12.05,775.72,11.76,45.29,16,1.714,0
WFR-1255,FAB-BATCH-104,06-08-2026 06:32,1.1892,152.3,476.41,12.126,2184.5,31.06,351.75,24.04,0.0648,11.98,773.48,13.65,44.44,14,1.799,0
WFR-1256,FAB-BATCH-104,06-08-2026 07:00,1.2306,156.18,473.78,12.706,2111.8,31.75,346.2,24.5,0.0765,11.58,774.35,11.29,48.34,21,1.66,0
WFR-1257,FAB-BATCH-104,06-08-2026 07:28,1.3007,149.38,461.43,11.452,2255.6,30.14,343.31,24.38,0.0598,12.84,777.3,13.81,44.76,22,1.925,0
WFR-1258,FAB-BATCH-104,06-08-2026 07:56,1.2217,154.29,441.45,13.397,2146.2,37.24,341.23,24.4,0.0991,11.26,777.67,12.9,45.5,5,1.829,0
WFR-1259,FAB-BATCH-104,06-08-2026 08:24,1.2678,157.26,464.24,12.034,2159.9,30.34,372.15,24.83,0.0347,12.36,772.13,13.12,46.42,13,1.893,0
WFR-1260,FAB-BATCH-104,06-08-2026 08:52,1.281,155.92,489.24,13.005,2186.7,31.1,347.99,23.78,0.0936,11.95,771.17,12.19,46.39,14,1.702,1
WFR-1261,FAB-BATCH-104,06-08-2026 09:20,1.2129,157.38,447.14,11.611,2256.7,36.88,334.6,25.25,0.0616,12.95,773.18,11.74,45.35,15,1.99,0
WFR-1262,FAB-BATCH-104,06-08-2026 09:48,1.2476,153.34,450.55,12.968,2230.9,36.23,361.95,24.85,0.0489,12.17,777.61,14.25,44.76,18,1.731,0
WFR-1263,FAB-BATCH-104,06-08-2026 10:16,1.1203,150.34,461.14,12.97,2193.7,33.3,354.89,24.24,0.0983,11.82,778.04,12.2,48.04,11,1.927,0
WFR-1264,FAB-BATCH-104,06-08-2026 10:44,1.209,142.79,464.07,12.769,2212.3,37.11,343.87,25.78,0.0434,11.88,772.69,12.01,44.85,13,1.862,0
WFR-1265,FAB-BATCH-104,06-08-2026 11:12,1.2399,148.89,457.99,11.804,2176,39.39,342.54,25.75,0.0669,12.02,775.77,12.4,44.34,15,1.831,0
WFR-1266,FAB-BATCH-104,06-08-2026 11:40,1.2001,146.21,495.29,12.675,2205.6,36.94,355.39,25.25,0.0868,11.43,779.59,12.73,44.03,13,1.823,1
WFR-1267,FAB-BATCH-104,06-08-2026 12:08,1.3153,159.77,439.46,11.672,2202.9,42.75,348.02,22.09,0.0777,11.62,776.04,11.26,42.41,27,1.786,0
WFR-1268,FAB-BATCH-104,06-08-2026 12:36,1.1928,149.21,467.46,12.323,2238.8,34.65,334.59,25.76,0.0926,11.11,778.55,11.82,46.23,19,1.98,1
WFR-1269,FAB-BATCH-104,06-08-2026 13:04,1.2324,150.55,452.78,13.221,2238.7,40.04,364.3,25.14,0.0744,11.54,777.5,11.76,41.48,18,1.851,0
WFR-1270,FAB-BATCH-104,06-08-2026 13:32,1.2552,152.48,479.76,13.058,2219.8,41.53,346.53,26.11,0.0407,12.05,772.72,13.51,44.99,14,1.723,0
WFR-1271,FAB-BATCH-104,06-08-2026 14:00,1.3077,150.2,469.41,12.511,2185.5,41.53,361.96,25.49,0.0607,12.15,774.53,11.44,44.69,12,1.812,1
WFR-1272,FAB-BATCH-104,06-08-2026 14:28,1.1926,157.63,461.52,11.818,2229.7,39.89,360.23,25.76,0.087,11.01,775.09,10.39,48.36,18,1.863,0
WFR-1273,FAB-BATCH-104,06-08-2026 14:56,1.2965,147.2,482.58,12.952,2196.3,40.27,341.99,25.2,0.0481,11.93,775.26,10.14,42.25,14,1.94,1
WFR-1274,FAB-BATCH-104,06-08-2026 15:24,1.2504,150.88,458.65,12.514,2156.7,42.29,358.27,25.58,0.0707,12.28,777.29,10.74,43.65,9,1.79,0
WFR-1275,FAB-BATCH-104,06-08-2026 15:52,1.2107,146.66,461,10.876,2183.9,43.58,344.79,26.1,0.0873,11.92,776.02,14.13,44.8,18,1.796,0
WFR-1276,FAB-BATCH-104,06-08-2026 16:20,1.2685,144.06,466.27,13.048,2203.4,43.7,335.07,24.67,0.0623,11.68,767.66,12.52,44.7,10,1.852,1
WFR-1277,FAB-BATCH-104,06-08-2026 16:48,1.258,147.25,486.04,12.483,2236.4,45.13,346.6,23.24,0.0824,11.79,771.72,13.1,44.18,20,1.937,1
WFR-1278,FAB-BATCH-104,06-08-2026 17:16,1.226,149.83,473.61,13.342,2192.7,41.56,353.18,24.25,0.0532,11.73,769.53,13.14,44.88,14,1.713,0
WFR-1279,FAB-BATCH-104,06-08-2026 17:44,1.2528,148.07,472.96,11.733,2151.6,43.69,346.3,24.81,0.0533,11.68,775.44,12.57,43.11,9,1.901,0
WFR-1280,FAB-BATCH-104,06-08-2026 18:12,1.2346,146.88,478.65,10.276,2202.3,42.82,347.54,24.56,0.0705,12.09,775.6,12.41,45.54,13,1.804,0
WFR-1281,FAB-BATCH-104,06-08-2026 18:40,1.2545,143.67,461.66,12.695,2204.5,44.48,359.15,23.5,0.1097,13.15,775.71,13.75,41.52,12,1.818,1
WFR-1282,FAB-BATCH-104,06-08-2026 19:08,1.2765,149.63,450.36,12.704,2207.4,47.83,350.85,23.2,0.0793,11.63,772.6,12.68,44.96,9,2.05,0
WFR-1283,FAB-BATCH-104,06-08-2026 19:36,1.3134,143.23,446.17,11.317,2236.8,46.57,343.25,23.91,0.0579,11.84,776.69,14.18,44.1,15,1.83,0
WFR-1284,FAB-BATCH-104,06-08-2026 20:04,1.2005,153.42,482.52,11.815,2240.8,52.11,355.62,25.15,0.0942,11.97,776.79,13.24,46.52,14,1.925,1
WFR-1285,FAB-BATCH-104,06-08-2026 20:32,1.3353,150.37,453.26,14.429,2176.2,47.84,351.58,25.76,0.0833,11.66,771.86,11.76,47.63,14,1.922,0
WFR-1286,FAB-BATCH-104,06-08-2026 21:00,1.1719,143.44,490.04,12.286,2175.4,48.12,329.83,25.23,0.0923,12.55,771.33,11.9,44.5,20,1.732,1
WFR-1287,FAB-BATCH-104,06-08-2026 21:28,1.2439,148.61,446.04,13.012,2158.4,48.76,353.43,25.35,0.0529,10.81,775,11.63,47.09,8,1.665,0
WFR-1288,FAB-BATCH-104,06-08-2026 21:56,1.2735,146.62,447.46,12.045,2228,47.82,353.13,24.44,0.068,11.73,779.48,13.96,44.53,17,1.932,0
WFR-1289,FAB-BATCH-104,06-08-2026 22:24,1.2612,151.44,464.47,11.037,2258,49.53,350.16,23.11,0.081,12.41,779.25,12.01,43.55,19,1.742,0
WFR-1290,FAB-BATCH-104,06-08-2026 22:52,1.2251,156.03,468.54,12.381,2187.4,52.46,357.13,24.14,,11.85,776.41,11.54,47.62,17,1.684,0
WFR-1291,FAB-BATCH-104,06-08-2026 23:20,1.2417,141.56,489.02,12.314,2190.3,50.98,344.62,24.29,0.0795,11.59,773.18,12.88,45.78,25,1.953,1
WFR-1292,FAB-BATCH-104,06-08-2026 23:48,1.2303,150.52,442.15,12.22,2258.7,49.71,352.69,24.1,0.0344,12.22,777.22,12.38,45.01,16,1.748,0
WFR-1293,FAB-BATCH-104,07-08-2026 00:16,1.2264,149.28,487.32,12.42,2220.2,50,337.46,24.54,0.0985,12.45,773.87,12.85,46.03,18,1.773,1
WFR-1294,FAB-BATCH-104,07-08-2026 00:44,1.284,153.02,454.06,12.685,2217.4,51.5,353.26,24.85,0.1042,12.11,773.08,14.77,45.41,14,2.047,0
WFR-1295,FAB-BATCH-104,07-08-2026 01:12,1.2643,150.96,457.52,12.395,2152.4,53.1,365.62,25.18,0.0617,11.6,769.64,13.6,44.9,16,1.684,0
WFR-1296,FAB-BATCH-104,07-08-2026 01:40,1.2223,146.62,437.1,11.615,2227.1,55.89,342.04,24.28,0.0652,12.23,775.26,12.53,43.01,11,1.724,0
WFR-1297,FAB-BATCH-104,07-08-2026 02:08,1.286,148.56,492.12,12.84,2162.8,51.37,343.92,22.98,0.0809,11.8,773.43,10.81,44.59,24,1.804,1
WFR-1298,FAB-BATCH-104,07-08-2026 02:36,1.2623,146.42,438.65,11.135,2154.6,53.96,344.32,24.11,0.0774,12.37,775.24,11.9,45.93,14,1.826,0
WFR-1299,FAB-BATCH-104,07-08-2026 03:04,1.2825,154.84,436.16,11.065,2186.1,55.44,351.04,24.53,0.0407,12.74,769.25,13.35,44.82,15,1.761,0
WFR-1300,FAB-BATCH-104,07-08-2026 03:32,1.2752,150.1,485.65,13.017,2176.6,52.03,341.5,25.48,0.0577,10.7,775.42,11.09,46.35,11,1.734,1
WFR-1301,FAB-BATCH-105,07-08-2026 04:00,1.2168,158.56,454.06,12.855,2191.1,13.33,353.37,24.05,0.0527,12.06,768.92,15.07,45.58,20,2.001,0
WFR-1302,FAB-BATCH-105,07-08-2026 04:28,1.2276,149.73,438.74,12.46,2142.4,14.19,356.77,24.91,0.0491,11.13,777.72,12.52,43.68,10,1.876,0
WFR-1303,FAB-BATCH-105,07-08-2026 04:56,1.2799,146.81,452.6,11.523,2238.4,14.51,354.27,24.73,0.0655,13.22,776.3,12.56,43.02,11,1.909,0
WFR-1304,FAB-BATCH-105,07-08-2026 05:24,1.2744,143.19,437.69,12.004,2245.1,17.03,335.85,24.54,0.0549,11.77,774.3,11.7,44.76,14,1.836,0
WFR-1305,FAB-BATCH-105,07-08-2026 05:52,1.2492,141.89,463.21,12.316,2122.1,16.88,357.96,25.24,0.0399,12.37,776.41,13.1,44.21,16,1.879,0
WFR-1306,FAB-BATCH-105,07-08-2026 06:20,1.2547,142.87,462.74,11.383,2239.1,16.64,357.5,23.97,0.0418,11.98,772.55,11.11,45.5,17,1.943,0
WFR-1307,FAB-BATCH-105,07-08-2026 06:48,1.3011,151.2,456.38,11.983,2167.6,19.16,356.64,24.04,0.0582,11.6,775.18,15.1,43.92,15,1.75,0
WFR-1308,FAB-BATCH-105,07-08-2026 07:16,1.2263,152.29,454.34,12.957,2234.3,22.3,352.98,24.49,0.0625,11.54,776.99,14.08,44.08,17,1.876,0
WFR-1309,FAB-BATCH-105,07-08-2026 07:44,1.2719,142.88,471.13,13.499,2197.3,22.68,351.76,23.99,0.0566,12.79,767.26,13.68,46.58,17,1.92,0
WFR-1310,FAB-BATCH-105,07-08-2026 08:12,1.2419,154.03,450,12.206,2201.2,16.1,358.26,24.91,0.0728,12.48,773.88,10.83,45.22,10,2.004,0
WFR-1311,FAB-BATCH-105,07-08-2026 08:40,1.2413,147.83,435.82,13.03,2192.6,21.65,365.39,23.93,0.0696,12.97,774.94,12.75,43.95,18,2.045,0
WFR-1312,FAB-BATCH-105,07-08-2026 09:08,1.294,150.66,455.39,11.16,2248.5,20.69,342.38,24.68,0.0553,12.03,774.51,13.95,45.03,12,1.857,0
WFR-1313,FAB-BATCH-105,07-08-2026 09:36,1.283,157.25,475.03,12.962,2150.4,21.91,358.63,24.42,0.0399,12.14,778.64,13.21,47.07,14,1.964,0
WFR-1314,FAB-BATCH-105,07-08-2026 10:04,1.2825,154.04,437.82,11.937,2224.3,21.35,349.31,24.67,0.0343,11.87,772.19,11.3,45.44,18,1.583,0
WFR-1315,FAB-BATCH-105,07-08-2026 10:32,1.3022,148.79,445.66,12.715,2244.1,22.94,348.96,24.13,,11.86,773.45,11.72,45.89,18,2.005,0
WFR-1316,FAB-BATCH-105,07-08-2026 11:00,1.2508,145.99,455,12.327,2228.7,23.55,337.71,24.23,0.059,11.48,770.21,11.96,43.87,13,1.777,0
WFR-1317,FAB-BATCH-105,07-08-2026 11:28,1.2773,140.32,449.35,13.424,2293,22.64,347.72,24.58,0.0719,12.04,778.78,11.78,46.54,13,1.826,0
WFR-1318,FAB-BATCH-105,07-08-2026 11:56,1.2376,146.76,438.21,11.888,2178.8,22.56,342.02,24.66,0.055,11.61,774.38,14.33,48.48,12,1.894,0
WFR-1319,FAB-BATCH-105,07-08-2026 12:24,1.263,149.05,463.46,12.939,2238.3,24,346.29,24.5,0.064,12.22,773.9,10.19,43.81,13,1.835,0
WFR-1320,FAB-BATCH-105,07-08-2026 12:52,1.2448,145.56,477.84,12.304,2195.8,25.92,341.21,25.86,0.0471,12.09,774.87,13.29,43.23,16,1.87,1
WFR-1321,FAB-BATCH-105,07-08-2026 13:20,1.2539,149.41,452.35,12.389,2249.3,27.2,346.41,23.71,0.0575,12.14,776.59,10.95,45.26,11,2.009,0
WFR-1322,FAB-BATCH-105,07-08-2026 13:48,1.2738,150.35,439.15,12.371,2199.7,28.26,346.75,24.45,0.0599,12.84,775.87,11.35,46.31,12,1.812,0
WFR-1323,FAB-BATCH-105,07-08-2026 14:16,1.2173,148.99,431.41,11.908,2184.5,26.11,350.77,23.24,0.0262,11.98,781.62,10.09,44.86,10,1.741,0
WFR-1324,FAB-BATCH-105,07-08-2026 14:44,1.3337,147.07,453.1,12.49,2252.2,28.22,337.08,24.8,0.045,12.38,776.13,11.84,43.42,9,2.031,0
WFR-1325,FAB-BATCH-105,07-08-2026 15:12,1.2098,150.76,463.25,12.456,2180.3,30.13,338.44,23.61,0.0614,13.03,773.84,14.31,44.84,9,1.903,0
WFR-1326,FAB-BATCH-105,07-08-2026 15:40,1.2014,151.99,455.7,12.669,2143.5,31.08,352.9,24.28,0.0533,12.65,773.6,12.82,45.9,21,2.042,0
WFR-1327,FAB-BATCH-105,07-08-2026 16:08,1.2963,145.09,449.97,12.559,2179.3,29.18,343.62,24.2,0.0356,12.58,774.02,11.06,44.39,18,1.936,0
WFR-1328,FAB-BATCH-105,07-08-2026 16:36,1.2817,156.35,442.93,13.059,2224.8,29.41,358.6,24.72,0.0208,11.85,771.25,13.72,45.91,20,1.718,0
WFR-1329,FAB-BATCH-105,07-08-2026 17:04,1.275,149.56,436.89,13.146,2255.7,30.78,351.8,24.06,0.0456,12.11,775.1,13.98,46.75,12,1.915,0
WFR-1330,FAB-BATCH-105,07-08-2026 17:32,1.2751,150.08,460.02,11.765,2204.4,28.65,354.85,24.02,0.0491,11.34,776.96,12.62,45.36,10,1.752,0
WFR-1331,FAB-BATCH-105,07-08-2026 18:00,1.2495,153.19,460.97,13.108,2252.7,31.11,361.29,25.65,0.0394,12.25,773.47,14.94,44.96,16,1.851,0
WFR-1332,FAB-BATCH-105,07-08-2026 18:28,1.2141,151.05,431.45,11.67,2145.7,33.54,347.52,24.73,0.0517,12.14,772.98,13.49,46.24,22,1.842,0
WFR-1333,FAB-BATCH-105,07-08-2026 18:56,1.253,154.29,469.08,12.911,2182.3,33.88,345.4,24.05,0.0561,12.01,778.79,13.32,43.72,18,1.688,0
WFR-1334,FAB-BATCH-105,07-08-2026 19:24,1.2229,151.29,456.89,12.934,2188.5,32.61,356.97,24.3,0.058,12.51,771.43,11.54,43.57,12,1.769,0
WFR-1335,FAB-BATCH-105,07-08-2026 19:52,1.289,147.24,466.8,11.162,2195.4,34.14,354.08,25.82,,11.4,769.83,13.25,44.6,15,2.071,0
WFR-1336,FAB-BATCH-105,07-08-2026 20:20,1.2441,151.63,433.89,12.565,2203.4,32.6,348.5,24.31,0.0342,12.82,772.12,12.76,44.26,12,1.874,0
WFR-1337,FAB-BATCH-105,07-08-2026 20:48,1.217,144.85,433.61,12.172,2227.6,36.21,361.13,23.95,0.0463,12.45,771.15,13.12,43.79,9,1.832,0
WFR-1338,FAB-BATCH-105,07-08-2026 21:16,1.2371,150.49,448.21,11.969,2182.2,35.19,348.3,23.95,0.0569,11.96,775.97,11.68,47.75,15,2.031,0
WFR-1339,FAB-BATCH-105,07-08-2026 21:44,1.2665,149.85,456.03,13.446,2205.6,35.35,350.26,24.06,0.0559,11.93,774.1,12.65,48.26,19,1.81,0
WFR-1340,FAB-BATCH-105,07-08-2026 22:12,1.2275,149.06,471.56,12.042,2198.2,35.73,350.17,24.02,0.0557,12.24,774.45,11.52,44.47,15,1.841,1
WFR-1341,FAB-BATCH-105,07-08-2026 22:40,1.2171,149.42,458.47,11.936,2163,36.87,342.52,23.48,0.0454,12.76,777.88,9.92,45.14,11,1.949,0
WFR-1342,FAB-BATCH-105,07-08-2026 23:08,1.2597,141.53,447.09,12.553,2195.5,36.65,350.62,23.6,0.0461,12.05,773.27,13.7,44.72,19,1.81,0
WFR-1343,FAB-BATCH-105,07-08-2026 23:36,1.2598,147.53,437.68,12.98,2194.3,39.42,361.17,23.84,0.0413,12.07,776.94,10.7,46.66,11,1.775,0
WFR-1344,FAB-BATCH-105,08-08-2026 00:04,1.2297,150.42,464.76,12.401,2193.4,37.86,353.56,24.97,0.0592,12.01,778.78,12.63,46.96,14,1.625,0
WFR-1345,FAB-BATCH-105,08-08-2026 00:32,1.2312,150.72,438.42,13.316,2201.3,42.39,350.25,24.2,0.039,12.89,773.86,12.9,42.33,8,1.756,0
WFR-1346,FAB-BATCH-105,08-08-2026 01:00,1.2593,145.38,469.54,12.872,2203,42.68,348.71,24.33,,11.82,776.84,12.89,45.71,14,1.755,1
WFR-1347,FAB-BATCH-105,08-08-2026 01:28,1.1921,155.7,446.59,10.975,2182.7,38.52,352.65,25.52,0.0525,11.99,774.4,12.16,43.04,15,1.866,0
WFR-1348,FAB-BATCH-105,08-08-2026 01:56,1.1937,146.1,469.09,12.129,2250.9,40.99,356,25.54,0.0495,12.73,777.31,12.83,47.64,23,1.789,0
WFR-1349,FAB-BATCH-105,08-08-2026 02:24,1.2213,154.36,458.15,12.107,2153.2,40.1,354.87,24.27,0.0421,12.07,771.07,13.07,45.66,20,2.066,0
WFR-1350,FAB-BATCH-105,08-08-2026 02:52,1.2415,151.92,448.36,12.836,2171.2,41.3,347.35,24,0.0337,12.57,770.89,13.38,43.76,14,1.744,0
WFR-1351,FAB-BATCH-105,08-08-2026 03:20,1.2624,147.09,443.77,10.663,2311.2,46.5,352.6,23.81,0.0422,11.54,774.02,14.58,44.64,9,1.99,0
WFR-1352,FAB-BATCH-105,08-08-2026 03:48,1.309,157.99,445.91,14.284,2158.5,42.43,353.84,25.05,0.046,11.9,772.78,12.78,44.57,13,1.872,0
WFR-1353,FAB-BATCH-105,08-08-2026 04:16,1.2843,144.63,455.14,12.872,2145.8,44.32,341.94,24.34,0.0216,12.74,773.71,12.58,45.79,19,1.931,0
WFR-1354,FAB-BATCH-105,08-08-2026 04:44,1.2436,154.14,450.93,12.604,2229.4,45.23,351.35,24.19,0.0476,11.66,774.45,11.41,46.56,11,1.925,0
WFR-1355,FAB-BATCH-105,08-08-2026 05:12,1.2492,154.5,442.87,13.327,2116.9,42.7,332.71,23.85,0.0611,11.92,776.8,13.02,43.28,15,1.628,0
WFR-1356,FAB-BATCH-105,08-08-2026 05:40,1.2099,146.98,448.01,14.141,2190.6,43.54,353.86,23.88,0.0568,12.13,773.98,13.3,47.76,15,1.849,0
WFR-1357,FAB-BATCH-105,08-08-2026 06:08,1.2493,156.27,450.94,13.11,2285.8,43.39,355.28,24.76,0.044,11.51,772.94,12.27,47.41,17,1.824,0
WFR-1358,FAB-BATCH-105,08-08-2026 06:36,1.2385,148.87,424.46,13.164,2138.2,44.58,355.98,23.45,0.0506,11.79,774.12,13.15,43.69,12,1.737,0
WFR-1359,FAB-BATCH-105,08-08-2026 07:04,1.2629,151.3,455.5,12.591,2120.7,41.2,346.84,25.3,0.0433,12.06,773.08,12.15,45.11,14,1.896,0
WFR-1360,FAB-BATCH-105,08-08-2026 07:32,1.2169,151.17,438.24,12.401,2140,48.54,352.47,24.07,0.0518,12.02,772.66,13.31,47.57,10,2.022,0
WFR-1361,FAB-BATCH-105,08-08-2026 08:00,1.2708,149.4,436.16,12.167,2235.9,52.11,361.39,24.38,0.0685,12.64,770.97,13.6,46.85,13,1.583,0
WFR-1362,FAB-BATCH-105,08-08-2026 08:28,1.3113,153.65,429.75,11.922,2245,48.85,361.31,23.43,0.0616,12.77,775.17,13.58,44.49,17,1.797,0
WFR-1363,FAB-BATCH-105,08-08-2026 08:56,1.2456,153.57,428.47,12.019,2179.5,46.27,349.77,24.49,,11.57,773.58,12.64,46.22,20,1.725,0
WFR-1364,FAB-BATCH-105,08-08-2026 09:24,1.2661,142.13,433.73,11.555,2227.3,48.36,351.11,24.24,0.0441,12.06,777.42,11.25,49.5,25,1.857,0
WFR-1365,FAB-BATCH-105,08-08-2026 09:52,1.2776,155.87,441.49,12.447,2255.6,49.28,358.89,24.46,0.059,12.34,771.38,11.77,45.16,12,1.817,0
WFR-1366,FAB-BATCH-105,08-08-2026 10:20,1.234,142.52,473.44,11.321,2271.5,48.71,337.99,25.68,0.0298,12.76,773.64,13.21,44.05,17,1.789,0
WFR-1367,FAB-BATCH-105,08-08-2026 10:48,1.259,154.65,443.69,12.634,2190.1,53.02,347.42,24.64,0.047,12.36,779.53,15.44,45.26,16,1.919,0
WFR-1368,FAB-BATCH-105,08-08-2026 11:16,,155.07,452.13,12.475,2107.9,53.47,360.68,23.86,0.057,12.15,772.65,12.09,45.37,18,2.014,0
WFR-1369,FAB-BATCH-105,08-08-2026 11:44,1.2539,145.09,454.81,12.603,2167.2,50.09,357.8,23.93,0.0589,12.33,774.41,13.05,44.21,19,2.116,0
WFR-1370,FAB-BATCH-105,08-08-2026 12:12,1.2191,148.15,451.57,12.135,2182.9,54.4,352.95,24.98,0.058,12.34,771.96,11.83,45.66,14,1.776,0
WFR-1371,FAB-BATCH-105,08-08-2026 12:40,1.251,145.02,449.07,14.654,2189.6,56.55,337.95,25.54,0.0535,11.54,771.63,11.33,43.12,16,1.668,0
WFR-1372,FAB-BATCH-105,08-08-2026 13:08,1.2699,149.03,435.66,13.452,2192.5,57.86,349.6,24.73,0.0477,12.1,778.87,11.69,44,14,1.906,0
WFR-1373,FAB-BATCH-105,08-08-2026 13:36,1.308,148.61,467.41,11.629,2244.8,60.33,345.28,25.05,0.0565,12.73,775.43,10,46.14,13,2.011,0
WFR-1374,FAB-BATCH-105,08-08-2026 14:04,1.2884,153.51,471.69,12.663,2251,53.35,352.65,24.99,0.0386,11.9,775.33,14.12,42.37,10,1.931,0
WFR-1375,FAB-BATCH-105,08-08-2026 14:32,1.3361,155.9,429.81,12.074,2193.1,61.35,343.53,25.64,0.0399,12.06,770.76,9.82,46.35,13,2.011,0
WFR-1376,FAB-BATCH-106,08-08-2026 15:00,1.2193,156.28,437.71,11.79,2243.9,14.29,341.79,22.94,0.0507,11.88,775.9,12.18,41.98,11,1.827,0
WFR-1377,FAB-BATCH-106,08-08-2026 15:28,1.2849,147.47,446.64,11.562,2214.3,14.37,333.48,25.03,0.0521,10.84,777.89,11.09,42.4,13,1.789,0
WFR-1378,FAB-BATCH-106,08-08-2026 15:56,1.2573,149.06,438.43,12.803,2202.6,16.75,359.77,25.29,0.0281,12.01,777.87,11.44,44.25,6,1.862,0
WFR-1379,FAB-BATCH-106,08-08-2026 16:24,1.3376,142.42,456.07,12.023,2236.3,15.49,346.8,23.43,0.0555,12.15,776.67,14.15,45.43,16,1.817,0
WFR-1380,FAB-BATCH-106,08-08-2026 16:52,1.2177,146.37,441.26,13.177,2202.9,18,351.26,23.79,0.0593,11.74,772.18,12.74,46.99,12,1.916,0
WFR-1381,FAB-BATCH-106,08-08-2026 17:20,1.2164,154.34,475.98,13.196,2282.3,15.11,349.98,23.82,0.0491,11.42,775.78,11.34,45.09,10,1.947,0
WFR-1382,FAB-BATCH-106,08-08-2026 17:48,1.226,157.27,464.29,13.462,2142.5,17.82,341.46,23.92,0.0785,11.56,776.67,11.79,44.63,15,1.955,0
WFR-1383,FAB-BATCH-106,08-08-2026 18:16,,144.45,452.55,11.903,2179.4,21.42,339.93,24.11,,12.38,770.51,11.58,45.87,13,1.901,0
WFR-1384,FAB-BATCH-106,08-08-2026 18:44,1.229,147.33,462.32,12.833,2194.9,19.29,341.96,24.69,0.0457,12.99,772.2,12.45,43.69,12,1.875,0
WFR-1385,FAB-BATCH-106,08-08-2026 19:12,1.2196,149.88,463.27,12.943,2217.6,20.23,344.21,25.19,0.0453,12.69,777.22,12.71,45.21,17,1.929,0
WFR-1386,FAB-BATCH-106,08-08-2026 19:40,1.256,151.26,443.23,12.168,2250.7,21.45,352.93,25.37,0.0491,11.33,777.19,14.77,43.2,16,1.654,0
WFR-1387,FAB-BATCH-106,08-08-2026 20:08,1.2637,146.36,440.21,11.96,2199,23.39,343.63,23.83,0.0461,12.43,771.13,10.2,45.12,10,1.871,0
WFR-1388,FAB-BATCH-106,08-08-2026 20:36,1.325,151.91,450.94,13.627,2143.1,18.29,363.97,23.82,0.0331,11.67,776.99,12.46,44.81,8,1.855,0
WFR-1389,FAB-BATCH-106,08-08-2026 21:04,1.288,147.87,460.34,12.659,2233.7,23.32,358.22,25.55,,11.71,775.24,12.12,43.79,16,1.871,0
WFR-1390,FAB-BATCH-106,08-08-2026 21:32,1.2269,149.93,451.67,12.945,2230.2,22.16,356.47,25.02,0.0488,11.77,776.95,13.64,45.25,9,1.841,0
WFR-1391,FAB-BATCH-106,08-08-2026 22:00,1.2141,152.46,431.08,11.925,2122.3,23.58,349.04,24.57,0.0647,12.35,773.41,12.93,45.24,27,1.893,0
WFR-1392,FAB-BATCH-106,08-08-2026 22:28,1.2697,,440.37,11.647,2199.8,25.92,362.11,24.88,0.0764,12.48,776.61,13.21,46.76,21,1.793,0
WFR-1393,FAB-BATCH-106,08-08-2026 22:56,1.1972,148.04,449.11,12.101,2136.4,21.96,348.26,24.48,0.066,11.95,777.11,12.91,42.59,22,1.963,0
WFR-1394,FAB-BATCH-106,08-08-2026 23:24,1.3233,149.51,449.09,12.413,2173.4,22.87,349.75,24.92,0.0407,11.96,774.12,11.38,44.89,19,1.897,0
WFR-1395,FAB-BATCH-106,08-08-2026 23:52,1.2972,149.6,473.67,11.755,2163.9,21.58,351.36,24.23,0.0417,12.23,775.04,13.95,43.86,20,1.865,0
WFR-1396,FAB-BATCH-106,09-08-2026 00:20,1.2312,148.33,433.37,12.493,2232.4,24.9,355.61,24.72,0.0481,12.28,773.38,13.46,46.3,13,1.78,0
WFR-1397,FAB-BATCH-106,09-08-2026 00:48,1.1815,148.84,456.07,11.318,2204.7,29.21,355.1,23.29,0.0714,12.59,779.13,13.6,46.13,19,1.932,0
WFR-1398,FAB-BATCH-106,09-08-2026 01:16,1.3042,157.19,467.87,11.716,2148.6,26.86,346.2,23.95,0.048,11.36,774.7,14.02,45.76,13,1.871,0
WFR-1399,FAB-BATCH-106,09-08-2026 01:44,1.2454,152.52,477.26,12.97,2235.2,24.97,345.74,23.96,0.0341,12.01,772.69,13,43.94,19,1.774,0
WFR-1400,FAB-BATCH-106,09-08-2026 02:12,1.2995,148.67,445.15,12.923,2142.6,27.23,355.12,24.2,0.044,11.47,773.21,14.28,46.33,9,1.844,0
WFR-1401,FAB-BATCH-106,09-08-2026 02:40,1.1862,153.14,455.9,12.226,2213.2,25.77,355.72,23.76,0.0591,11.97,775.32,12.95,42.7,14,1.913,0
WFR-1402,FAB-BATCH-106,09-08-2026 03:08,1.226,148.5,456.84,11.788,2167.4,27.05,346.85,24.07,0.0583,11.89,776.88,12.24,42.4,11,1.905,0
WFR-1403,FAB-BATCH-106,09-08-2026 03:36,1.2502,155.28,452.35,11.781,2185.4,30.63,337.3,23.29,0.0476,11.98,771.66,12.49,43.09,20,1.899,0
WFR-1404,FAB-BATCH-106,09-08-2026 04:04,1.2519,151.66,448.81,12.239,2220.2,28.05,348.34,24.94,0.0582,11.6,779.62,12.47,44.95,19,1.859,0
WFR-1405,FAB-BATCH-106,09-08-2026 04:32,1.232,149.52,455.23,12.951,2220.9,33.18,354.99,24.43,0.0227,11.26,775.77,11.88,46.01,17,1.953,0
WFR-1406,FAB-BATCH-106,09-08-2026 05:00,1.2749,152.01,419.61,13.15,2253.5,31.36,364.44,23.14,0.0512,10.95,776.17,14.46,40.54,17,1.974,0
WFR-1407,FAB-BATCH-106,09-08-2026 05:28,1.2073,142.93,458.18,12.152,2196.7,32.22,340.42,23.83,0.0603,11.93,774.76,12.86,46.98,11,1.924,0
WFR-1408,FAB-BATCH-106,09-08-2026 05:56,1.2443,144.93,451.51,11.693,2212.3,32.04,346.59,24.77,0.04,11.78,775.05,12.61,45.2,19,1.791,0
WFR-1409,FAB-BATCH-106,09-08-2026 06:24,1.2548,144.63,447.33,12.687,2182.5,34.7,346.88,24.07,,11.66,774.63,12.97,42.65,20,1.744,0
WFR-1410,FAB-BATCH-106,09-08-2026 06:52,1.2706,150.64,474.56,11.924,2207.3,35.27,360.85,23.94,,12.66,777.54,16.08,45.15,13,1.796,0
WFR-1411,FAB-BATCH-106,09-08-2026 07:20,1.2785,157.8,441.9,12.137,2217.6,34.92,349.72,24.44,0.0691,11.57,774.98,11.14,46.64,13,2.045,0
WFR-1412,FAB-BATCH-106,09-08-2026 07:48,1.205,160.04,445.16,13.428,2196.1,35.93,342.74,24.77,0.0414,12.71,776.92,11.49,45.9,18,1.878,0
WFR-1413,FAB-BATCH-106,09-08-2026 08:16,1.1886,152.87,473.9,13.079,2127.8,34.93,354.47,23.35,0.0529,12.81,773.92,10.84,46.65,11,2.063,0
WFR-1414,FAB-BATCH-106,09-08-2026 08:44,1.3011,152.25,440.02,12.611,2213.3,36.98,346.76,24.94,0.0572,11.02,775.49,12.22,42.95,19,1.838,0
WFR-1415,FAB-BATCH-106,09-08-2026 09:12,1.2633,141.9,443.4,11.61,2214.6,35.77,340.2,23.86,0.0681,12.05,772.99,12.79,44.38,15,1.824,0
WFR-1416,FAB-BATCH-106,09-08-2026 09:40,1.2201,147.56,448.24,12.648,2172.8,37,342.86,24.49,0.0482,11.8,778.04,11.94,43.61,15,1.843,0
WFR-1417,FAB-BATCH-106,09-08-2026 10:08,1.312,146.45,460.09,13.244,2148.6,37,363.87,24.47,0.0435,10.54,772.92,11.85,47.58,16,1.841,0
WFR-1418,FAB-BATCH-106,09-08-2026 10:36,1.2546,147.21,452.49,12.237,2259,37.19,353.07,24.08,0.0521,11.28,774.19,12.67,45.96,13,1.773,0
WFR-1419,FAB-BATCH-106,09-08-2026 11:04,1.2972,149.24,434.49,13.446,2219.7,37.27,350.86,23.68,0.0654,12.39,774.21,11.9,49.27,20,1.735,0
WFR-1420,FAB-BATCH-106,09-08-2026 11:32,1.2527,147.88,443.61,13.405,2190.8,40.14,348,24.27,0.048,13.01,774.12,12.87,44.3,17,1.9,0
WFR-1421,FAB-BATCH-106,09-08-2026 12:00,1.3324,141.09,442.71,13.665,2154.5,42.37,352.34,25.8,0.0385,12.45,776.81,13.84,43.91,18,1.955,0
WFR-1422,FAB-BATCH-106,09-08-2026 12:28,1.3202,153.37,449.07,12.714,2167.1,42.64,352.24,23.41,0.0315,12.16,774.21,13.31,44.79,12,2.094,0
WFR-1423,FAB-BATCH-106,09-08-2026 12:56,1.24,145.17,455.11,12.911,2252.1,38.34,352.34,25.85,0.0353,11.99,778.48,13.56,47.07,17,1.807,0
WFR-1424,FAB-BATCH-106,09-08-2026 13:24,1.2889,151.08,455.02,13.49,2205.5,43.98,350.92,24.29,0.0604,12.84,772.95,13.8,44.45,17,1.815,0
WFR-1425,FAB-BATCH-106,09-08-2026 13:52,1.2758,159.33,428.69,12.813,2178,41.31,356.95,24.53,0.0462,13.07,775.42,12.84,45.19,11,1.773,0
WFR-1426,FAB-BATCH-106,09-08-2026 14:20,1.3047,145.86,462.77,12.149,2220.4,43.7,350.18,23.63,0.0427,11.71,773.06,12.31,45.15,13,1.963,0
WFR-1427,FAB-BATCH-106,09-08-2026 14:48,1.2114,138.61,453.03,12.186,2167.4,41.24,342.18,23.88,0.0414,11,776.05,11.57,45.06,15,1.931,0
WFR-1428,FAB-BATCH-106,09-08-2026 15:16,1.2774,148.71,466.61,12.667,2260,43.88,345.1,24.1,0.051,10.95,774.96,12.03,44.02,22,1.762,1
WFR-1429,FAB-BATCH-106,09-08-2026 15:44,1.2923,154.95,455.33,11.597,2254.1,44.78,334.17,23.66,0.0471,12.66,774.61,11.87,44.79,14,1.76,0
WFR-1430,FAB-BATCH-106,09-08-2026 16:12,1.1797,158.81,463.22,12.4,2181.3,41.73,366.21,24.33,0.0467,11.98,777.97,13.38,44.73,18,1.945,0
WFR-1431,FAB-BATCH-106,09-08-2026 16:40,1.2027,144.47,455.6,13.268,2174.9,46.47,356.9,24.17,0.0662,12.09,773.36,12.92,44.99,17,1.888,0
WFR-1432,FAB-BATCH-106,09-08-2026 17:08,1.1684,152.24,466.15,10.966,2095.3,48.49,343.36,25.98,0.0685,11.1,776.47,13.34,46.42,20,1.926,1
WFR-1433,FAB-BATCH-106,09-08-2026 17:36,1.2392,147.91,456.27,13.574,2140.7,46,347.75,23.57,0.0307,11.62,773.08,11.11,47.64,23,1.762,0
WFR-1434,FAB-BATCH-106,09-08-2026 18:04,1.2787,149.52,448.83,13.286,2146.4,49.62,344.9,24.58,0.0539,11.85,775.28,14.22,43.74,15,1.662,0
WFR-1435,FAB-BATCH-106,09-08-2026 18:32,1.3101,161.9,477.27,12.178,2205.4,47.07,362.34,24.7,0.0407,12.1,772.01,11.99,44.41,16,1.763,0
WFR-1436,FAB-BATCH-106,09-08-2026 19:00,1.253,143.24,460.67,12.88,2187,49.7,338.64,23.64,0.047,11.8,773.34,11.18,43.76,27,1.919,0
WFR-1437,FAB-BATCH-106,09-08-2026 19:28,1.3151,151.14,456.88,12.502,2146.2,44.11,350.92,25.05,0.0537,11.48,774.79,11.97,45.28,12,2.061,0
WFR-1438,FAB-BATCH-106,09-08-2026 19:56,1.1948,152.1,434.68,13.361,2188.8,53.94,349.13,24.18,0.0474,11.61,779.54,15.48,44.19,15,1.807,0
WFR-1439,FAB-BATCH-106,09-08-2026 20:24,1.1819,154.89,434.54,13.188,2220.2,52.64,356.61,22.51,0.0528,12.6,775.25,12.03,45.36,14,2.078,0
WFR-1440,FAB-BATCH-106,09-08-2026 20:52,1.2478,150.44,453.51,11.52,2221.1,49.63,349.17,25.03,0.0581,12.12,779.14,12.11,46.66,15,1.933,0
WFR-1441,FAB-BATCH-106,09-08-2026 21:20,1.2654,151.39,451.75,12.911,2124,46.81,335.93,23.61,0.0535,12.31,775.55,12.27,41.21,21,1.711,0
WFR-1442,FAB-BATCH-106,09-08-2026 21:48,1.2487,148.24,442.63,12.356,2194.9,51.88,347.99,23.66,0.0422,11.55,774.03,12.32,45.74,14,1.871,0
WFR-1443,FAB-BATCH-106,09-08-2026 22:16,1.1673,151.21,451.69,12.558,2144.7,48.96,342.22,25.05,0.0424,10.52,778.85,11.56,44.31,21,1.936,0
WFR-1444,FAB-BATCH-106,09-08-2026 22:44,1.2464,148.46,469.06,11.99,2236.1,53.29,350.64,24.22,0.0327,11.74,776.09,12.67,45.69,12,1.607,0
WFR-1445,FAB-BATCH-106,09-08-2026 23:12,1.1978,152.8,458.34,13.724,2231.4,53.77,361.47,25.23,0.0398,11.57,773.39,13.79,43.66,11,1.914,0
WFR-1446,FAB-BATCH-106,09-08-2026 23:40,1.2768,148.34,436.31,13.228,2164.1,51.62,336.08,25.47,0.0735,12.17,776.18,12.88,46.79,12,1.967,0
WFR-1447,FAB-BATCH-106,10-08-2026 00:08,1.2647,151.7,448.66,11.982,2169.4,56.29,343.6,23.98,0.0405,13.64,774.27,11.17,46.37,18,1.89,0
WFR-1448,FAB-BATCH-106,10-08-2026 00:36,1.2124,149.87,440.34,11.566,2181.5,56.21,345.58,25.13,0.0357,12.35,770.03,12.09,45.85,18,1.844,0
WFR-1449,FAB-BATCH-106,10-08-2026 01:04,1.2294,155.07,445.35,12.23,2109.9,57.1,346.95,23.9,0.0538,13.37,777.34,11.84,46.19,15,1.833,0
WFR-1450,FAB-BATCH-106,10-08-2026 01:32,1.2076,149.77,445.04,12.804,2213.4,55.72,355.92,26.29,0.0487,12.28,777.74,12.56,43.88,16,1.827,0
WFR-1451,FAB-BATCH-107,10-08-2026 02:00,1.2475,142.02,444.27,12.668,2189.1,12.17,348.61,23.95,0.0477,11.69,779.59,14.1,44.07,17,1.732,0
WFR-1452,FAB-BATCH-107,10-08-2026 02:28,1.2882,155.68,434.94,13.377,2238.8,17.51,353.33,25.32,0.0669,12.17,776.06,12.32,46.13,14,1.781,0
WFR-1453,FAB-BATCH-107,10-08-2026 02:56,1.2106,145.92,448.47,13.053,2156.1,15.56,344.99,25.18,0.0566,12.89,774.38,12.39,43.85,12,1.808,0
WFR-1454,FAB-BATCH-107,10-08-2026 03:24,1.2702,,443.27,13.179,2175.2,13.87,351.84,24.75,0.0436,12.91,777.09,14.63,47.17,10,1.861,0
WFR-1455,FAB-BATCH-107,10-08-2026 03:52,1.2288,147.32,414.85,12.729,2139.7,19.9,356.22,23.96,0.0449,11.71,777.12,13.55,44.51,15,1.794,0
WFR-1456,FAB-BATCH-107,10-08-2026 04:20,1.2183,156.18,474.64,11.527,2159.8,21.95,344.14,24.38,0.044,12.13,779.1,13.19,45.75,14,1.763,0
WFR-1457,FAB-BATCH-107,10-08-2026 04:48,1.2457,140.39,463.07,12.363,2152.7,18.22,356.25,22.78,0.0605,11.29,774.89,14.85,48.15,5,1.926,0
WFR-1458,FAB-BATCH-107,10-08-2026 05:16,1.2086,,445.48,13.242,2239.8,23.17,350.42,24.68,0.0463,12.41,774.59,13.09,43.94,13,1.887,0
WFR-1459,FAB-BATCH-107,10-08-2026 05:44,1.2279,154.75,450.23,12.464,2172.1,19.58,358.36,24.78,0.0285,12.78,773.21,10.12,45.1,20,1.796,0
WFR-1460,FAB-BATCH-107,10-08-2026 06:12,1.2021,151,435.94,12.852,2205,19.19,348.39,24.61,0.0494,12.02,776.34,13.5,46.58,17,1.901,0
WFR-1461,FAB-BATCH-107,10-08-2026 06:40,1.3286,,470.35,12.277,2184.8,19.24,353.05,22.12,0.0316,11.67,771.13,10.59,46.43,15,1.805,0
WFR-1462,FAB-BATCH-107,10-08-2026 07:08,1.2514,151.28,472.77,11.779,2149.2,24.32,349.68,23.49,0.0762,12.18,776.94,13.04,44.51,17,1.856,1
WFR-1463,FAB-BATCH-107,10-08-2026 07:36,1.222,152.35,451.88,12.414,2193.3,20.04,349.23,23.9,0.0384,12.21,776.47,10.44,44.22,11,1.948,0
WFR-1464,FAB-BATCH-107,10-08-2026 08:04,1.2586,152.9,462.28,12.716,2224,23.62,352.07,24.73,0.0481,12.04,776.46,11.94,44.65,16,1.79,0
WFR-1465,FAB-BATCH-107,10-08-2026 08:32,1.2455,152.5,452.1,12.041,2151.7,21.58,354.29,24.73,0.0531,12.09,775.35,12.06,47.17,14,1.733,0
WFR-1466,FAB-BATCH-107,10-08-2026 09:00,1.2412,150.4,433.96,12.335,2232.4,22.33,340,24.36,0.0465,11.91,778.83,11.58,44.58,12,1.835,0
WFR-1467,FAB-BATCH-107,10-08-2026 09:28,1.2746,149.11,445.06,11.842,2166,25.86,361.47,25.01,0.0465,12.5,777.18,12.08,45.12,17,1.714,0
WFR-1468,FAB-BATCH-107,10-08-2026 09:56,1.2803,149.32,451.58,13.283,2180.7,23.59,335.12,23.68,0.0551,12.37,773.48,13.74,44.36,13,1.822,0
WFR-1469,FAB-BATCH-107,10-08-2026 10:24,1.2288,149.12,444.55,12.294,2221.2,24.09,344.52,24.99,,11.51,773.53,11.64,46.06,11,1.822,0
WFR-1470,FAB-BATCH-107,10-08-2026 10:52,1.227,155.1,447.38,13.517,2173.5,27.72,349.25,24.88,0.0592,11.49,772.8,13.15,45.23,10,1.604,0
WFR-1471,FAB-BATCH-107,10-08-2026 11:20,1.239,152.67,448.9,13.57,2201.5,29.19,353.3,24.8,0.0677,11.87,776.38,11.34,43.49,18,1.903,0
WFR-1472,FAB-BATCH-107,10-08-2026 11:48,1.1579,,449.03,12.443,2187.4,27.84,362.61,24.35,0.0374,12.37,772.5,12.27,43.55,12,1.832,0
WFR-1473,FAB-BATCH-107,10-08-2026 12:16,1.1894,152.95,450.63,11.794,2205.2,25.79,335.13,25.96,0.0538,12.07,777.71,12.89,42,15,1.968,0
WFR-1474,FAB-BATCH-107,10-08-2026 12:44,1.3047,150.88,437.27,11.04,2104.8,26.63,345.94,24.89,0.0519,11.68,778.31,11.3,43.75,14,1.872,0
WFR-1475,FAB-BATCH-107,10-08-2026 13:12,1.3158,149.92,441.4,11.47,2126.8,28.36,332.99,23.73,0.0542,12.13,772.8,10.93,46.19,7,1.924,0
WFR-1476,FAB-BATCH-107,10-08-2026 13:40,1.24,148.25,434.58,11.538,2224.6,29.39,350.25,24.7,,11.83,774.54,13.09,46.99,18,1.969,0
WFR-1477,FAB-BATCH-107,10-08-2026 14:08,1.2731,155.06,461.73,13.465,2241.5,27.32,352.17,25.1,0.0474,12.44,775.04,13.85,46.03,11,1.837,0
WFR-1478,FAB-BATCH-107,10-08-2026 14:36,1.2625,154.26,424.73,12.581,2163.6,31.3,362.73,24.03,0.0451,12.17,777.21,12.41,45.83,13,1.85,0
WFR-1479,FAB-BATCH-107,10-08-2026 15:04,1.3732,146.52,463.84,12.773,2190.2,30.57,350.97,25.37,0.0564,11.84,779.02,11.95,44.81,13,1.693,0
WFR-1480,FAB-BATCH-107,10-08-2026 15:32,,151.83,466.64,10.946,2211.8,27.52,358.35,24.81,0.0287,12.12,770.79,12.69,46.16,14,1.974,0
WFR-1481,FAB-BATCH-107,10-08-2026 16:00,1.2449,145.63,446.37,11.661,2227.7,29.64,354.67,22.63,0.0472,12.66,774.2,12.57,45.43,8,1.835,0
WFR-1482,FAB-BATCH-107,10-08-2026 16:28,1.2118,143.79,418.76,13.121,2118.9,31.04,346.52,24.74,0.0484,11.72,774.33,12.79,47.71,14,1.749,0
WFR-1483,FAB-BATCH-107,10-08-2026 16:56,1.1857,147.18,445.66,12.701,2164.6,32.45,338.73,24.18,0.039,12.2,771.5,9.47,44.85,12,1.924,0
WFR-1484,FAB-BATCH-107,10-08-2026 17:24,1.2581,153.88,449.23,12.397,2186.7,36.93,352.2,24.93,0.0627,11.96,773.79,11.22,47.01,14,1.632,0
WFR-1485,FAB-BATCH-107,10-08-2026 17:52,1.2197,154.29,437.87,12.895,2228.1,34.18,338.06,25.26,0.0373,12.21,776.07,11.49,46.31,12,1.807,0
WFR-1486,FAB-BATCH-107,10-08-2026 18:20,1.1931,152.31,443.82,13.645,2299.9,32.57,360.36,24.66,0.0484,11.67,774.3,12.68,46.1,20,1.941,0
WFR-1487,FAB-BATCH-107,10-08-2026 18:48,1.2241,153.26,468.36,12.345,2190.9,35.24,348.7,25.83,0.0535,12.06,771.14,12.72,41.98,14,1.806,0
WFR-1488,FAB-BATCH-107,10-08-2026 19:16,1.2067,152.32,457.98,12.549,2143.7,34.65,359.56,24.36,0.0662,12.55,782.19,13.26,46.39,9,1.778,0
WFR-1489,FAB-BATCH-107,10-08-2026 19:44,1.3175,147.11,438.91,12.635,2216.1,36.55,346.16,25,0.0499,11.53,775.67,12.81,44.81,18,1.808,0
WFR-1490,FAB-BATCH-107,10-08-2026 20:12,1.2853,151.94,430.83,14.174,2252.8,37.61,352.15,25.14,0.0612,11.34,775.28,10.94,44.33,7,1.649,0
WFR-1491,FAB-BATCH-107,10-08-2026 20:40,1.2497,153.6,446.08,11.03,2204.3,39.42,351.67,24.42,0.0584,11.35,772.26,14.24,42.78,15,1.922,0
WFR-1492,FAB-BATCH-107,10-08-2026 21:08,1.3092,153.39,447.44,12.978,2163.7,37.5,349.64,25.12,0.0515,11.41,775.65,14.03,44.99,14,1.838,0
WFR-1493,FAB-BATCH-107,10-08-2026 21:36,1.2531,,455.95,12.42,2238.3,41.38,346.54,24.02,0.0369,12.3,774.59,10.99,45.05,14,1.823,0
WFR-1494,FAB-BATCH-107,10-08-2026 22:04,1.2155,153.19,443.58,12.897,2226.5,40.47,353.14,24.16,0.0328,11.3,770.28,12.9,43.05,10,1.823,0
WFR-1495,FAB-BATCH-107,10-08-2026 22:32,1.3109,151.58,456.14,12.04,2159,37.79,342.59,23.45,0.0513,11.85,772.32,11.79,42.79,17,1.851,0
WFR-1496,FAB-BATCH-107,10-08-2026 23:00,1.2716,154.82,473.22,12.466,2215.3,44.17,340.32,24.69,0.0435,12.31,776.99,12.67,45.73,15,1.915,0
WFR-1497,FAB-BATCH-107,10-08-2026 23:28,1.2085,149.88,459.79,12.998,2239.9,40.95,359.94,24.76,0.061,12.21,779.86,13.76,46.31,15,1.845,0
WFR-1498,FAB-BATCH-107,10-08-2026 23:56,1.2424,146.03,449.42,14.679,2247.3,39.18,355.82,25.44,0.059,11.81,775.92,15.06,45.29,16,1.714,0
WFR-1499,FAB-BATCH-107,11-08-2026 00:24,1.215,149.27,447.8,13.066,2197.3,44.71,350.53,25.13,0.0478,12.1,777.76,13.4,46.73,10,1.908,0
WFR-1500,FAB-BATCH-107,11-08-2026 00:52,1.1947,146.65,445.72,11.906,2185.7,46.11,363.32,24.27,0.0361,12.05,774.61,12.85,44.87,12,1.9,0
WFR-1501,FAB-BATCH-107,11-08-2026 01:20,1.287,146.96,464.17,12.203,2249.1,42.43,347.86,23.56,0.0561,11.89,774.78,12.09,44.92,13,1.871,1
WFR-1502,FAB-BATCH-107,11-08-2026 01:48,1.3264,149.35,442.47,12.183,2151.6,42.04,360.58,24.85,0.0378,11.89,777.73,12.72,43.62,16,1.958,0
WFR-1503,FAB-BATCH-107,11-08-2026 02:16,1.1941,146.43,450.54,11.243,2217.5,43.26,351.4,25.39,0.0409,13.12,779.16,14.13,42.66,15,1.853,0
WFR-1504,FAB-BATCH-107,11-08-2026 02:44,1.2725,148.61,450.61,12.269,2145.2,45.58,341.8,25.1,0.0382,12.4,778.25,12.45,47.78,15,1.961,0
WFR-1505,FAB-BATCH-107,11-08-2026 03:12,1.224,141.48,443.98,13.013,2242.6,47.26,364.78,25.37,0.0483,13.24,772.33,11.44,46.7,11,1.991,0
WFR-1506,FAB-BATCH-107,11-08-2026 03:40,1.2305,150.96,433.53,11.608,2189.7,46.39,357.93,24.33,0.064,11.75,774.83,10.56,42.91,13,1.908,0
WFR-1507,FAB-BATCH-107,11-08-2026 04:08,1.2263,150.01,453.88,13.234,2250.7,46,349.03,24.13,0.0499,11.96,775.69,13.12,45.23,13,1.775,0
WFR-1508,FAB-BATCH-107,11-08-2026 04:36,1.2154,146.32,449.27,12.841,2219.7,49.35,355.82,23.91,0.0447,11.33,774.35,12.8,44.85,12,1.837,0
WFR-1509,FAB-BATCH-107,11-08-2026 05:04,1.2519,152.97,456,11.986,2151.1,46.27,346.77,24.46,0.0317,11.6,775.97,11.72,44.59,14,1.974,0
WFR-1510,FAB-BATCH-107,11-08-2026 05:32,1.2168,154.22,443.6,12.401,2257,49.51,356.63,24.44,0.0566,12.95,777.05,13.73,44.39,15,1.7,0
WFR-1511,FAB-BATCH-107,11-08-2026 06:00,1.2608,142.77,464.65,13.619,2262,47.42,330.87,24.67,0.0406,11.74,777.51,11.99,45.57,12,1.811,0
WFR-1512,FAB-BATCH-107,11-08-2026 06:28,1.248,146.57,439.48,13.013,2235.3,49.41,341.84,24.4,0.0514,12.96,779.21,12.34,46.23,16,1.816,0
WFR-1513,FAB-BATCH-107,11-08-2026 06:56,1.2404,,470.54,12.506,2169.5,48.87,357.83,24.39,0.0457,11.38,774.18,12.48,45.6,12,1.763,0
WFR-1514,FAB-BATCH-107,11-08-2026 07:24,1.2137,145.77,429.03,12.334,2187.8,49.54,348,23.88,0.0601,11.47,771.59,12.08,44.82,8,1.937,0
WFR-1515,FAB-BATCH-107,11-08-2026 07:52,1.2269,153.73,455.22,12.554,2205.8,49.45,351.66,25.25,0.0481,11.83,775.9,12.78,44.76,14,1.888,0
WFR-1516,FAB-BATCH-107,11-08-2026 08:20,1.2802,149.13,455.71,12.142,2171.9,53.44,339.23,24.56,0.0493,11.97,779.71,13.88,46.41,24,1.779,0
WFR-1517,FAB-BATCH-107,11-08-2026 08:48,1.27,148.81,440.45,11.027,2267.7,49.83,364.78,24.36,0.0558,12.46,773.81,11.13,45.7,16,1.911,0
WFR-1518,FAB-BATCH-107,11-08-2026 09:16,1.2109,140.98,455.09,13.93,2205.8,50.37,359.52,23.9,0.0753,12.23,776.72,13.09,45.11,9,1.834,0
WFR-1519,FAB-BATCH-107,11-08-2026 09:44,1.254,152.86,465.35,12.609,2091.9,56.64,348.39,23.43,0.0607,11.79,776.74,12.71,44.95,18,1.761,0
WFR-1520,FAB-BATCH-107,11-08-2026 10:12,1.2801,144.42,423.4,12.779,2213.6,54.91,346.76,25.55,0.0489,11.93,775.48,12.68,45.52,14,1.779,0
WFR-1521,FAB-BATCH-107,11-08-2026 10:40,1.1832,150.27,456.03,12.459,2186.1,48.73,358.24,24.94,0.05,11.84,775.02,13.55,44.3,18,1.894,0
WFR-1522,FAB-BATCH-107,11-08-2026 11:08,1.2717,151.25,420.08,11.985,2197,52.92,365.86,23.2,0.0437,11.54,772.69,12.56,46.23,19,1.944,0
WFR-1523,FAB-BATCH-107,11-08-2026 11:36,1.2235,156.12,438.41,12.37,2185.3,50.98,357.63,25.11,0.0386,11.56,769.3,13.08,43.39,13,1.801,0
WFR-1524,FAB-BATCH-107,11-08-2026 12:04,1.2728,144.11,469.55,11.38,2232.3,53.25,367.37,25.24,0.0434,12.51,772.22,13.36,44.38,15,1.904,0
WFR-1525,FAB-BATCH-107,11-08-2026 12:32,1.2195,136.41,443.02,14.094,2244.8,49.42,342.62,24.6,0.0407,11.09,774.02,11.89,45.92,14,2.008,0
WFR-1526,FAB-BATCH-108,11-08-2026 13:00,1.1778,150.83,457.91,11.636,2211.3,14.73,343.44,25.78,0.0928,12.81,777.74,12.86,43.3,13,1.724,1
WFR-1527,FAB-BATCH-108,11-08-2026 13:28,1.1849,158.1,447.62,11.778,2186.4,13.27,340.49,24.67,0.0371,11.83,774.74,12.2,42.64,15,1.886,0
WFR-1528,FAB-BATCH-108,11-08-2026 13:56,1.2519,155.58,474.81,12.192,2198.3,16.22,353.53,23.37,0.101,11.61,773.7,12.34,45.09,15,1.933,0
WFR-1529,FAB-BATCH-108,11-08-2026 14:24,1.2604,150.94,450.02,13.402,2200.8,13.4,351.4,24.79,0.094,12.37,772.77,12.11,42.46,16,1.84,0
WFR-1530,FAB-BATCH-108,11-08-2026 14:52,1.2138,,459.38,12.51,2167.9,17.37,348.78,24.7,0.0502,12.74,776.64,13.07,43.05,14,1.974,0
WFR-1531,FAB-BATCH-108,11-08-2026 15:20,1.2755,153.63,489.97,11.635,2223.2,16.92,356.47,24.02,0.05,12.56,778.4,12.6,46.13,8,2.07,0
WFR-1532,FAB-BATCH-108,11-08-2026 15:48,1.1835,145.62,494.29,13.378,2218.4,21.3,359.86,24.96,0.0433,12.25,777.66,12.97,44.69,10,1.884,0
WFR-1533,FAB-BATCH-108,11-08-2026 16:16,1.2474,152.14,470.76,13.012,2261.6,21.67,337.79,23.17,0.0882,12.54,776.52,12.48,46.93,11,1.827,0
WFR-1534,FAB-BATCH-108,11-08-2026 16:44,1.2016,152.27,435.13,12.877,2250.2,20.97,345.22,25.29,0.0981,11.14,771.31,10.58,43.19,17,1.948,0
WFR-1535,FAB-BATCH-108,11-08-2026 17:12,1.2239,154.77,497.15,13.001,2172.6,19.3,356.56,23.8,0.0416,11.74,774.12,12.54,44.86,16,1.934,0
WFR-1536,FAB-BATCH-108,11-08-2026 17:40,1.2519,162.42,469.13,14.176,2232.8,24.47,346.26,23.71,0.0666,11.54,779.87,12.58,45.6,11,1.598,0
WFR-1537,FAB-BATCH-108,11-08-2026 18:08,1.2156,151.77,480.15,14.03,2162,17.94,343.61,24.41,0.0584,12.61,777.8,12.79,43.24,12,1.85,0
WFR-1538,FAB-BATCH-108,11-08-2026 18:36,1.2346,147.71,462.25,12.019,2227.8,18.79,358.15,24.85,0.0889,11.81,771.16,11.79,46.55,16,1.811,0
WFR-1539,FAB-BATCH-108,11-08-2026 19:04,1.2903,149.88,471.41,13.637,2179.3,21.98,339.68,24.63,0.0366,12.42,774.86,11.07,45.77,13,1.89,0
WFR-1540,FAB-BATCH-108,11-08-2026 19:32,1.2269,142.04,470.08,12.768,2159.1,27.21,347.59,23.91,0.0412,12.27,775.91,13.25,42.59,19,1.831,0
WFR-1541,FAB-BATCH-108,11-08-2026 20:00,1.2834,146.87,453.97,12.849,2211.2,22.85,352.63,24.1,0.0747,11.57,773.09,12.17,44.94,10,1.841,0
WFR-1542,FAB-BATCH-108,11-08-2026 20:28,1.2048,148.16,467.41,11.315,2093,23.43,345.41,23.59,0.0763,11.71,769.23,12.71,45.58,17,1.764,0
WFR-1543,FAB-BATCH-108,11-08-2026 20:56,1.2712,147.64,482.55,12.381,2130,21.47,356.27,24.32,0.0811,12.65,775.25,12.16,44.11,18,1.923,0
WFR-1544,FAB-BATCH-108,11-08-2026 21:24,1.3077,150.69,459.07,11.931,2192.9,26.79,345.45,25.36,0.0818,11.61,773.03,12.49,42.78,14,2.016,0
WFR-1545,FAB-BATCH-108,11-08-2026 21:52,1.1511,146.3,466.52,13.08,2203.3,27.36,361.27,24.5,0.0772,12.06,773.04,11.96,45.42,12,1.765,0
WFR-1546,FAB-BATCH-108,11-08-2026 22:20,1.2181,155.04,475.76,13.25,2185.2,27.58,348.99,25.19,0.0759,11.61,774.11,11.34,48.32,12,1.71,0
WFR-1547,FAB-BATCH-108,11-08-2026 22:48,1.2731,150,458.24,11.048,2136.8,25.29,355.37,25.66,0.0823,11.84,774.67,13.07,44.42,13,1.852,0
WFR-1548,FAB-BATCH-108,11-08-2026 23:16,1.2419,149.96,489.6,12.485,2167.3,25.69,355.97,24.03,0.052,11.98,774.98,11.78,47.35,11,1.847,1
WFR-1549,FAB-BATCH-108,11-08-2026 23:44,1.2648,148.52,458.66,13.285,2215.6,25.06,344.98,24.35,0.0812,11.61,772.79,12.7,43.87,11,1.967,0
WFR-1550,FAB-BATCH-108,12-08-2026 00:12,1.2258,150.7,471.57,12.369,2223.3,28.37,333.57,26.24,0.0989,11.52,774.45,12.99,45.32,18,1.727,1
WFR-1551,FAB-BATCH-108,12-08-2026 00:40,1.2535,153.71,465.62,13.01,2199.4,26.59,352.89,25.66,0.0561,12.14,770.61,11.8,46.16,15,1.796,0
WFR-1552,FAB-BATCH-108,12-08-2026 01:08,1.2438,146.1,453.19,12.746,2246.3,26.95,350.58,23.16,0.0659,11.58,775.78,11.06,44.99,17,1.635,0
WFR-1553,FAB-BATCH-108,12-08-2026 01:36,1.2967,147.04,476.16,12.739,2215.9,29,354.45,24.81,0.0913,11.59,767.86,15.41,44.55,13,1.987,0
WFR-1554,FAB-BATCH-108,12-08-2026 02:04,1.2602,148.63,502.14,12.31,2170.1,29.42,348.19,24.5,0.0573,11.53,774.28,11.87,46.09,22,1.875,1
WFR-1555,FAB-BATCH-108,12-08-2026 02:32,1.2635,143.94,449.92,11.648,2188.8,29.87,346.56,25.16,0.0798,11.96,777.3,13.25,47.84,14,1.804,0
WFR-1556,FAB-BATCH-108,12-08-2026 03:00,1.2335,146.31,449.61,11.715,2143.9,32.43,366.07,23.9,0.0321,12.47,772.35,14.83,45.45,8,1.718,0
WFR-1557,FAB-BATCH-108,12-08-2026 03:28,1.2305,147.86,479.69,12.997,2195.7,32.21,338.22,23.83,0.0851,12.75,776.79,13.45,44.23,11,1.727,0
WFR-1558,FAB-BATCH-108,12-08-2026 03:56,1.2327,153.93,473.48,12.514,2244.5,32.02,355.87,23.96,0.0849,11.64,777.89,12.14,44.72,14,1.891,0
WFR-1559,FAB-BATCH-108,12-08-2026 04:24,1.2658,151.18,470.64,12.403,2227.4,33.52,345.4,24.04,0.0715,13.08,766.73,12.42,48.78,17,1.739,0
WFR-1560,FAB-BATCH-108,12-08-2026 04:52,1.2332,150.87,456.41,12.203,2256.1,31.72,347.31,25.15,0.0676,11.5,774.62,11.5,45.2,16,1.86,0
WFR-1561,FAB-BATCH-108,12-08-2026 05:20,1.2616,153.83,474.79,12.286,2187.9,34.46,347.46,23.56,0.0839,12.54,767.81,13.56,44.11,17,2.054,1
WFR-1562,FAB-BATCH-108,12-08-2026 05:48,1.333,149.38,462.92,13.233,2253.8,35.1,343.57,24,0.0822,11.64,774.7,13.18,43.28,18,1.815,0
WFR-1563,FAB-BATCH-108,12-08-2026 06:16,1.2848,151.76,423.72,12.265,2192.3,32.34,354.57,23.07,,11.56,774.98,11.88,42.26,18,1.754,0
WFR-1564,FAB-BATCH-108,12-08-2026 06:44,1.237,149.54,464.34,11.561,2258.9,37.89,361.13,25.31,0.084,11.63,768.79,11.25,45.55,16,1.888,0
WFR-1565,FAB-BATCH-108,12-08-2026 07:12,1.298,151.19,483.5,13.021,2199.1,34.69,353.76,25.52,0.0718,11.97,779.81,10.91,45.98,19,1.727,0
WFR-1566,FAB-BATCH-108,12-08-2026 07:40,1.2337,147.38,472.62,12.357,2228.3,37.18,350.83,24.24,0.0798,12.29,775.72,13.68,44.4,17,2.022,0
WFR-1567,FAB-BATCH-108,12-08-2026 08:08,1.1685,139.03,474.75,12.522,2259,39.88,342.11,24.26,0.0564,12.33,772.88,12.64,44.98,16,1.99,1
WFR-1568,FAB-BATCH-108,12-08-2026 08:36,1.2097,149.4,484.89,13.625,2192.3,39.95,354.13,24.86,0.0808,11.53,778.66,12.76,43.24,22,1.834,0
WFR-1569,FAB-BATCH-108,12-08-2026 09:04,1.1752,156.4,474.69,12.486,2208.7,38.72,367.25,25.68,0.0299,11.51,770.51,11.51,45.2,12,1.76,0
WFR-1570,FAB-BATCH-108,12-08-2026 09:32,1.2359,154.17,460.85,12.702,2251.6,38.48,346.95,24.83,0.0793,11.54,771.93,10.74,45.72,18,1.807,1
WFR-1571,FAB-BATCH-108,12-08-2026 10:00,1.2507,154.34,468.43,11.675,2194.7,41.65,346.99,23.94,0.0722,11.94,769.25,13.66,44.2,17,1.82,1
WFR-1572,FAB-BATCH-108,12-08-2026 10:28,1.3171,155.56,487.74,12.346,2147.2,41.65,345.51,23.2,0.0532,11.89,779.5,12.55,47.54,16,1.888,1
WFR-1573,FAB-BATCH-108,12-08-2026 10:56,1.2631,150.4,475.85,12.927,2285.7,39.61,346.08,23.61,0.0538,11.52,775.83,13.59,43.74,11,1.954,1
WFR-1574,FAB-BATCH-108,12-08-2026 11:24,1.2412,150.89,452.33,11.411,2181.2,39.81,328.04,24.56,0.0651,12.13,776.65,12.04,45.43,19,1.746,0
WFR-1575,FAB-BATCH-108,12-08-2026 11:52,1.2832,147.22,456.76,12.641,2206.4,37.81,353.24,23.98,0.0941,13.13,775.75,12.22,46.27,13,1.951,0
WFR-1576,FAB-BATCH-108,12-08-2026 12:20,1.1616,148.58,475.44,12.571,2246.2,42.81,343.24,24.66,0.0367,11.75,776.43,13.36,44.88,19,1.912,0
WFR-1577,FAB-BATCH-108,12-08-2026 12:48,1.2594,152.77,440.02,12.529,2175.7,42.88,337.12,24.06,0.0687,11.78,775.2,13.38,44.72,13,1.799,1
WFR-1578,FAB-BATCH-108,12-08-2026 13:16,1.2808,155.42,464.34,13.226,2159.7,45.87,356.03,23.65,0.0494,12.28,775.68,13.46,42.86,15,1.741,0
WFR-1579,FAB-BATCH-108,12-08-2026 13:44,1.1909,,462.22,12.734,2210.1,44.87,341.34,23.56,0.035,11.72,775.27,12.15,47.04,18,1.862,0
WFR-1580,FAB-BATCH-108,12-08-2026 14:12,1.2958,147.97,459.21,13.535,2128.3,47.37,347.29,25.75,0.0713,12.33,773.48,13.24,44.75,17,1.744,0
WFR-1581,FAB-BATCH-108,12-08-2026 14:40,1.2635,150,497.5,11.804,2188.5,43.86,361.73,25.21,0.0542,11.64,774.88,13.83,45.81,12,1.952,0
WFR-1582,FAB-BATCH-108,12-08-2026 15:08,1.2334,152.71,487.98,12.595,2209.8,48.08,338.73,25.88,0.0803,12.92,775.68,12.37,46.01,21,1.738,1
WFR-1583,FAB-BATCH-108,12-08-2026 15:36,1.2753,143.5,495.04,12.559,2189.2,45.29,337.74,24.93,0.0838,12.17,775.28,11.88,44.06,17,1.905,1
WFR-1584,FAB-BATCH-108,12-08-2026 16:04,1.3408,139.67,435.33,11.752,2138.3,48.46,352.15,24.16,0.1044,11.69,771.31,14.11,44.7,19,1.842,0
WFR-1585,FAB-BATCH-108,12-08-2026 16:32,1.2573,147.52,472.86,13.169,2263.8,44.53,359.2,25.56,0.0766,11.71,771.64,11.71,47,12,1.794,1
WFR-1586,FAB-BATCH-108,12-08-2026 17:00,1.2599,144.51,456.48,14.127,2204.1,48.47,337.41,24.47,0.0507,11.74,777.71,13.26,43.32,9,1.84,0
WFR-1587,FAB-BATCH-108,12-08-2026 17:28,1.2316,147.71,441.65,12.488,2257.2,44.58,353.26,24.68,0.067,12.69,774.23,12.43,48.19,19,1.958,0
WFR-1588,FAB-BATCH-108,12-08-2026 17:56,1.216,149.33,460.98,12.854,2189.6,48.57,354.65,24.47,0.0532,11.37,776.46,10.29,43.88,11,1.731,0
WFR-1589,FAB-BATCH-108,12-08-2026 18:24,1.2832,147.96,486.88,12.559,2164.8,50.53,333.53,22.14,0.0657,11.67,772.27,13.85,43.23,16,1.809,1
WFR-1590,FAB-BATCH-108,12-08-2026 18:52,1.2158,156.54,467.25,12,2210.8,49.16,356.39,25.78,0.0561,11.72,771.32,9.19,45.2,13,1.775,1
WFR-1591,FAB-BATCH-108,12-08-2026 19:20,1.2529,151.47,462.82,11.225,2191.4,48.65,357.01,24.89,0.071,11.99,772.89,10.12,48.31,16,1.846,0
WFR-1592,FAB-BATCH-108,12-08-2026 19:48,1.2309,151.35,457.25,12.006,2152.9,52.99,347.51,24.76,0.0669,11.86,774.44,13.13,42.13,12,1.782,1
WFR-1593,FAB-BATCH-108,12-08-2026 20:16,1.2692,152.8,477.64,11.526,2258.8,51.64,360.02,24.45,0.0751,11.25,773.34,13.13,44.79,8,1.673,1
WFR-1594,FAB-BATCH-108,12-08-2026 20:44,1.2633,144.88,454.25,13.693,2175.1,51.42,359.09,24.63,0.0856,11.8,778.23,11.73,45.71,13,1.744,1
WFR-1595,FAB-BATCH-108,12-08-2026 21:12,1.2915,154.68,487.11,12.419,2126.4,53.03,350.82,24.02,0.0676,11.95,775.45,12.68,45.05,15,2.014,1
WFR-1596,FAB-BATCH-108,12-08-2026 21:40,,149.66,485.76,12.258,2253.1,58.77,346.39,24.99,0.0404,11.69,779.62,9.46,45.57,18,1.875,1
WFR-1597,FAB-BATCH-108,12-08-2026 22:08,1.2392,153.02,460.32,13.122,2179.8,56.36,342.22,23.45,0.0502,12.34,776.01,13.35,43.92,22,1.871,0
WFR-1598,FAB-BATCH-108,12-08-2026 22:36,1.2108,145.18,484.09,11.715,2175.7,56.93,349.7,24.65,0.059,12.46,768.97,12.8,44.1,15,1.822,1
WFR-1599,FAB-BATCH-108,12-08-2026 23:04,1.2322,143.01,476.03,11.963,2129.4,56.02,354.56,24.95,0.0944,11.96,777.64,12.45,44.78,13,1.845,1
WFR-1600,FAB-BATCH-108,12-08-2026 23:32,1.2651,153.68,469.27,12.548,2269.6,56.03,347.41,24.34,0.0903,12.12,771.23,12.53,43.31,12,1.807,0
WFR-1601,FAB-BATCH-109,13-08-2026 00:00,1.2803,151.69,440.11,13.22,2148.4,10.21,332.42,24.8,0.065,10.92,775.58,13.09,44.93,18,1.903,0
WFR-1602,FAB-BATCH-109,13-08-2026 00:28,1.2131,145.94,441.37,12.851,2202.3,14.19,360.15,23.71,0.0485,11.79,773.06,12.47,44.42,17,1.86,0
WFR-1603,FAB-BATCH-109,13-08-2026 00:56,1.2848,146.09,474.6,12.674,2236.5,15.14,351.52,23.73,0.0456,12.5,780.36,10.25,44.29,16,1.733,0
WFR-1604,FAB-BATCH-109,13-08-2026 01:24,1.3042,155.06,450.01,12.555,2216.9,12.9,346.96,24.69,0.0458,11.79,778.6,15.14,45.48,16,1.875,0
WFR-1605,FAB-BATCH-109,13-08-2026 01:52,1.2665,144.65,459.39,12.78,2197.6,14.89,356.86,25.04,0.0603,11.63,773.15,13.94,42.27,17,1.604,0
WFR-1606,FAB-BATCH-109,13-08-2026 02:20,1.3251,157.39,440.51,12.641,2131.9,13.79,362.2,23,0.0544,13.14,774.68,10.96,44.66,14,1.891,0
WFR-1607,FAB-BATCH-109,13-08-2026 02:48,1.219,145.95,440.64,11.779,2167.6,18.22,327.58,24.92,0.0535,12.91,775.61,12.09,48.48,10,1.709,0
WFR-1608,FAB-BATCH-109,13-08-2026 03:16,1.2002,152.87,462.98,12.532,2207.5,20.49,353.47,24.07,0.0595,12.23,777.16,12.22,43.37,12,1.84,0
WFR-1609,FAB-BATCH-109,13-08-2026 03:44,1.1789,148.52,433.81,11.748,2168.5,21.61,338.59,24.35,0.0254,12.57,775.07,13.79,46.93,9,1.731,0
WFR-1610,FAB-BATCH-109,13-08-2026 04:12,,152.71,445.02,12.557,2208.1,20.78,353.99,23.43,0.0537,10.89,772.44,9.91,45.08,16,1.85,0
WFR-1611,FAB-BATCH-109,13-08-2026 04:40,1.2762,147.55,450.41,12.164,2227.3,18.57,351.02,23.82,0.0526,11.61,773.21,11.9,44.1,11,1.908,0
WFR-1612,FAB-BATCH-109,13-08-2026 05:08,1.2478,149.27,451.34,14.278,2238.5,17.19,355.09,25.27,0.07,11.77,774.99,10.39,43.02,13,2,0
WFR-1613,FAB-BATCH-109,13-08-2026 05:36,1.2612,150.18,447.85,12.472,2151,18.09,346.01,24.53,0.0317,11.88,778.09,12.16,45.21,20,1.696,0
WFR-1614,FAB-BATCH-109,13-08-2026 06:04,1.205,145.49,454.75,11.517,2287.9,19.61,335.01,24.19,0.0687,11.76,776.07,11.93,47.18,13,1.948,0
WFR-1615,FAB-BATCH-109,13-08-2026 06:32,1.3478,153.33,458.31,12.406,2230.7,20.92,346.4,24.41,0.0509,10.72,773.07,12.6,44.42,11,1.863,0
WFR-1616,FAB-BATCH-109,13-08-2026 07:00,1.2552,147.69,458.82,12.864,2199.9,22.93,353.25,24.89,0.0559,12.19,776.62,11.77,44.88,15,1.805,0
WFR-1617,FAB-BATCH-109,13-08-2026 07:28,1.2544,148.97,438.17,13.671,2243.6,21.77,358.12,24.85,0.0701,12.27,774.03,11.6,46.52,12,1.926,0
WFR-1618,FAB-BATCH-109,13-08-2026 07:56,1.279,145.53,446.59,12.087,2294.6,25.03,340.63,24.44,0.0567,12.8,777.23,13.24,45.51,15,1.826,0
WFR-1619,FAB-BATCH-109,13-08-2026 08:24,1.2692,138.47,464.34,11.392,2142.5,24.44,358.22,25.37,0.0548,11.61,781.32,13.05,42.64,20,1.922,0
WFR-1620,FAB-BATCH-109,13-08-2026 08:52,1.259,149.14,460.74,13.072,2191,25.47,344.82,25.28,0.0529,11.56,774.1,13.16,45.15,16,1.751,0
WFR-1621,FAB-BATCH-109,13-08-2026 09:20,1.2184,160.86,433.53,11.534,2104.9,28.28,352.9,24.83,0.0442,10.66,777,12.29,47.27,14,1.787,0
WFR-1622,FAB-BATCH-109,13-08-2026 09:48,1.2689,153.53,454.22,12.195,2207.7,24.19,345.92,24.54,0.0497,11.85,773.14,11.81,44.94,21,1.944,0
WFR-1623,FAB-BATCH-109,13-08-2026 10:16,1.3253,149.91,426.26,12.32,2214.6,27.94,351.46,25.03,0.0414,12.45,774.72,12.36,40.89,12,1.999,0
WFR-1624,FAB-BATCH-109,13-08-2026 10:44,1.3038,148.82,450.56,12.451,2198.4,27.62,357.14,24.75,0.0495,11.69,775.07,13.1,45.58,22,1.846,0
WFR-1625,FAB-BATCH-109,13-08-2026 11:12,1.3137,150.1,472.77,12.982,2173.8,27.53,340.18,25.35,,13.07,774.52,9.89,44.7,16,1.571,0
WFR-1626,FAB-BATCH-109,13-08-2026 11:40,1.2296,152.46,438.63,12.021,2118,30.52,344.56,25.22,0.0551,11.87,781.16,12.97,42.26,14,1.83,0
WFR-1627,FAB-BATCH-109,13-08-2026 12:08,1.2104,144.69,439.99,12.308,2214.9,31.06,351.48,23.69,0.0485,12.07,774.23,12.87,42.48,23,1.853,0
WFR-1628,FAB-BATCH-109,13-08-2026 12:36,1.245,155.01,459.17,12.49,2258.2,27.96,369.21,23.63,0.046,11.32,776.47,12.57,46.46,10,1.827,0
WFR-1629,FAB-BATCH-109,13-08-2026 13:04,1.2522,153.22,431.49,12.605,2176.4,30.04,343.09,23.94,0.0526,12.14,770.17,12.32,43.9,13,1.884,0
WFR-1630,FAB-BATCH-109,13-08-2026 13:32,1.2938,153.23,442.41,12.568,2217.6,31.51,366.32,25.28,0.0328,11.01,776.08,9.42,43.64,14,1.802,0
WFR-1631,FAB-BATCH-109,13-08-2026 14:00,1.1823,151.97,457.16,12.805,2137.3,30.95,366.04,23.24,0.0732,12.35,777.86,11.97,44.95,18,1.934,0
WFR-1632,FAB-BATCH-109,13-08-2026 14:28,1.3112,150.09,442.39,13.091,2218.3,33.22,349.22,24.82,0.0488,12.36,773.68,14.65,44.03,13,1.733,0
WFR-1633,FAB-BATCH-109,13-08-2026 14:56,1.2437,153.03,447.17,12.775,2184.3,33.16,347.61,24.79,0.0482,12.68,768.72,12.52,45.15,20,1.974,0
WFR-1634,FAB-BATCH-109,13-08-2026 15:24,1.2329,152.66,458.93,12.818,2169.5,36.82,344.46,25.43,0.0384,11.49,774.9,12.13,44.7,13,2.005,0
WFR-1635,FAB-BATCH-109,13-08-2026 15:52,1.2095,148.41,455.06,11.392,2169.6,30.64,349.45,24.64,0.0503,12.08,775.04,12.52,43.2,8,1.759,0
WFR-1636,FAB-BATCH-109,13-08-2026 16:20,1.1838,147.42,453.2,12.535,2184.3,34.01,338.75,23.43,0.0666,12.28,776.81,12.93,44.23,14,1.759,0
WFR-1637,FAB-BATCH-109,13-08-2026 16:48,1.2829,150.46,445.93,12.836,2215.3,32.98,349.39,23.73,0.0624,12.22,780.03,13.29,45.66,11,1.891,0
WFR-1638,FAB-BATCH-109,13-08-2026 17:16,1.2529,156.97,454.44,13.01,2147.5,36.56,361.98,23.55,0.0603,11.57,774.05,12.23,45.06,30,1.731,0
WFR-1639,FAB-BATCH-109,13-08-2026 17:44,1.1984,144.42,448.52,12.015,2184.1,32.67,345.11,24.07,0.0566,10.8,772.86,13.01,44.88,11,1.801,0
WFR-1640,FAB-BATCH-109,13-08-2026 18:12,1.1982,143.4,455.49,12.039,2198.3,37.14,348.07,24.35,0.0457,12.17,772.08,14.51,47.91,15,1.96,0
WFR-1641,FAB-BATCH-109,13-08-2026 18:40,1.2366,150.74,444.04,12.098,2156,35.74,336.39,23.57,0.0326,11.92,775.5,13.71,46.1,11,1.924,0
WFR-1642,FAB-BATCH-109,13-08-2026 19:08,1.3168,150.23,447.81,12.875,2271.9,36.08,352.99,25.68,0.0476,11.72,776.2,15.31,46.28,14,2.048,0
WFR-1643,FAB-BATCH-109,13-08-2026 19:36,1.2396,150.78,438.12,13.224,2165.9,35.21,352.12,23.44,0.0472,12.38,773.64,11.71,44.75,25,1.867,0
WFR-1644,FAB-BATCH-109,13-08-2026 20:04,1.1899,151.1,449.58,12.215,2173.2,37.72,350.51,25.58,0.0626,11.98,776.95,14.51,45.33,14,1.789,0
WFR-1645,FAB-BATCH-109,13-08-2026 20:32,1.2402,149,440.27,13.136,2160.9,41.37,348.27,25.45,0.0537,11.34,776.16,11.55,44.35,17,1.855,0
WFR-1646,FAB-BATCH-109,13-08-2026 21:00,1.2391,156.7,436.63,12.586,2271.9,39.7,347.66,25.22,0.0693,11.03,775.11,12.92,46.17,13,1.835,0
WFR-1647,FAB-BATCH-109,13-08-2026 21:28,1.1421,142.8,453.1,12.413,2222.1,41.56,354.02,23.94,0.0644,11.44,772.74,13.38,44.83,17,1.836,0
WFR-1648,FAB-BATCH-109,13-08-2026 21:56,1.2478,146.27,452.55,12.352,2162.5,44.18,349.77,24.77,0.0445,13.2,773.8,11.89,45.33,15,1.848,0
WFR-1649,FAB-BATCH-109,13-08-2026 22:24,1.2408,149.54,459.39,13.023,2244.2,41.93,352.52,23.48,0.0285,12.36,768.93,12.61,45.24,15,1.757,0
WFR-1650,FAB-BATCH-109,13-08-2026 22:52,1.2778,142.61,444.83,12.728,2208,40.83,351.72,25.23,0.0666,12.09,775.59,13.59,44.97,15,1.878,0
WFR-1651,FAB-BATCH-109,13-08-2026 23:20,1.324,149.21,454.9,14.093,2210.3,43.43,358.99,24.44,0.0663,11.91,775.07,11.65,49.41,17,1.709,0
WFR-1652,FAB-BATCH-109,13-08-2026 23:48,1.2951,157.48,456.61,11.903,2186.2,41.96,355.42,24.17,0.0336,11.88,775.47,14.5,44,16,1.778,0
WFR-1653,FAB-BATCH-109,14-08-2026 00:16,1.2392,150.09,455.34,12.863,2170,42.59,351.54,23.52,0.0681,12.58,776.26,10.84,43.99,16,1.838,0
WFR-1654,FAB-BATCH-109,14-08-2026 00:44,1.2057,151.04,440.09,12.13,2213.5,41.11,362.15,22.52,0.0546,11.75,775.96,14.83,46.04,14,1.624,0
WFR-1655,FAB-BATCH-109,14-08-2026 01:12,1.3529,144.33,451.79,11.891,2178.2,46.55,353.36,23.67,0.0519,12.29,774.72,13.7,44.11,9,1.927,0
WFR-1656,FAB-BATCH-109,14-08-2026 01:40,,147.23,454.37,12.492,2272.7,44.48,360.44,25.39,0.0694,11.83,775.12,12.39,44.56,14,1.645,0
WFR-1657,FAB-BATCH-109,14-08-2026 02:08,1.2506,148.31,450.09,12.596,2149.2,46.16,354.86,24.18,0.0661,12.97,771.49,12.02,43.37,12,1.917,0
WFR-1658,FAB-BATCH-109,14-08-2026 02:36,1.249,148.57,424.96,14.543,2261.4,44.28,335.26,24.36,0.0578,12.37,773.54,11.89,45.74,12,1.721,0
WFR-1659,FAB-BATCH-109,14-08-2026 03:04,1.2579,155.77,451.93,12.371,2195.5,47.77,360.44,25.02,0.0557,12.62,775.13,12.34,45.76,19,1.81,0
WFR-1660,FAB-BATCH-109,14-08-2026 03:32,1.2442,152.51,476.55,11.709,2212,45.93,351.08,25.94,0.0574,11.71,773.16,12.44,44.53,14,1.902,0
WFR-1661,FAB-BATCH-109,14-08-2026 04:00,1.2271,145,445.68,12.691,2233.3,47.72,349.58,25.56,0.0452,12.53,777.15,14.01,46.07,9,2.07,0
WFR-1662,FAB-BATCH-109,14-08-2026 04:28,1.2281,151.11,441.26,11.048,2174.8,50.31,352.25,23.72,0.0493,11.84,773.35,14.86,42.21,14,1.862,0
WFR-1663,FAB-BATCH-109,14-08-2026 04:56,1.2487,152.24,454.48,12.436,2234.6,50.68,347.24,22.95,0.0392,12.06,775.54,12.74,43.94,12,1.652,0
WFR-1664,FAB-BATCH-109,14-08-2026 05:24,1.2283,,453.75,12.511,2091.7,49.61,351.82,26.39,0.046,12.82,775.29,11.49,44.75,20,1.945,0
WFR-1665,FAB-BATCH-109,14-08-2026 05:52,1.2215,157.11,464.31,13.056,2171.2,46.66,345.26,26.32,0.0456,11.48,776.87,11.85,43.24,19,1.827,0
WFR-1666,FAB-BATCH-109,14-08-2026 06:20,1.2543,145.43,434.91,13.182,2163,56.74,360.19,24.65,0.0424,12.1,777.25,12.28,42.38,16,1.857,0
WFR-1667,FAB-BATCH-109,14-08-2026 06:48,1.2398,146.35,458.78,12.148,2149.9,54.79,349.09,23.48,0.0516,12.22,776.74,11.26,44.54,21,1.906,0
WFR-1668,FAB-BATCH-109,14-08-2026 07:16,1.3102,144.34,457.09,12.395,2191.4,53.3,346.94,25.27,0.0461,12.26,769.73,11.09,46.04,13,1.627,0
WFR-1669,FAB-BATCH-109,14-08-2026 07:44,1.144,148.95,448.29,11.964,2215.4,50.89,342.6,24.41,0.056,11.77,777.99,15.02,46.92,17,1.851,0
WFR-1670,FAB-BATCH-109,14-08-2026 08:12,1.2937,152.1,454.06,11.71,2228.1,52.72,352.15,24.41,0.0305,13.04,778.82,12.86,44.18,10,1.809,0
WFR-1671,FAB-BATCH-109,14-08-2026 08:40,1.2998,154.44,462.35,12.717,2209.6,52.41,351.5,25.22,0.0486,11.35,773.79,11.5,46.1,14,1.972,0
WFR-1672,FAB-BATCH-109,14-08-2026 09:08,1.1671,149.66,460.47,11.608,2173.4,56.58,353.11,24.77,0.0516,12.73,775.59,13.48,45.95,22,1.923,0
WFR-1673,FAB-BATCH-109,14-08-2026 09:36,1.2363,148.56,436.28,12.21,2214.8,55.13,341.78,23.55,,12.61,772.77,11.09,46.83,18,1.687,0
WFR-1674,FAB-BATCH-109,14-08-2026 10:04,1.2351,150.68,459.84,11.803,2205,53.58,337.19,24.24,0.0479,12.95,770.13,11.18,44.47,9,1.976,0
WFR-1675,FAB-BATCH-109,14-08-2026 10:32,,146.24,449.22,12.885,2237.4,54.76,355,25.03,0.031,11.21,773.15,11.54,42.3,10,1.895,0
WFR-1676,FAB-BATCH-110,14-08-2026 11:00,1.2189,159.4,450.87,13.761,2231.1,17.24,361.88,24.91,0.0543,11.57,773.65,14.49,45.11,15,1.695,0
WFR-1677,FAB-BATCH-110,14-08-2026 11:28,1.2056,142.77,450.88,11.589,2201.2,18.75,341.79,24.71,0.0578,12.75,774.11,12.2,43.48,12,1.856,0
WFR-1678,FAB-BATCH-110,14-08-2026 11:56,1.3201,150.83,448.2,11.203,2164.1,19.16,362.72,25.25,0.0559,11.06,772.6,9.57,43.91,12,1.953,0
WFR-1679,FAB-BATCH-110,14-08-2026 12:24,1.2874,159.11,464.3,12.413,2173.9,18.16,352.27,24.21,0.0625,11.2,773.17,13.95,44.55,20,1.729,0
WFR-1680,FAB-BATCH-110,14-08-2026 12:52,1.3009,150.03,449,12.511,2178,16.69,349.94,24.64,0.0524,11.76,774.97,12.13,44.49,13,1.988,0
WFR-1681,FAB-BATCH-110,14-08-2026 13:20,1.2789,149.14,436.57,12.653,2187.4,11.27,346.82,21.8,0.0557,12.1,773.07,10.28,45.21,18,1.699,0
WFR-1682,FAB-BATCH-110,14-08-2026 13:48,1.2048,148.39,445.28,12.188,2210.7,18.89,338.92,24.14,0.0519,12.8,776.36,12.12,46.05,15,1.771,0
WFR-1683,FAB-BATCH-110,14-08-2026 14:16,1.229,149.19,452.14,12.36,2228.6,18.85,357.9,25.11,0.0583,11.91,776.7,13.13,44.45,9,1.756,0
WFR-1684,FAB-BATCH-110,14-08-2026 14:44,1.2696,156.18,464.75,12.757,2198,19.68,343.8,24.19,0.0311,11.7,780.95,12.98,45.59,16,1.988,0
WFR-1685,FAB-BATCH-110,14-08-2026 15:12,1.2011,140.05,457.24,13.228,2200.6,20.06,343.76,24.13,0.0393,12.16,777.81,14.66,45.02,24,1.801,0
WFR-1686,FAB-BATCH-110,14-08-2026 15:40,1.2785,156.9,439.79,11.131,2205.7,17.85,357.94,23.67,0.069,12.23,775.61,11.48,46.4,14,1.734,0
WFR-1687,FAB-BATCH-110,14-08-2026 16:08,1.2404,143.59,479.82,12.242,2179.4,22.16,334.94,25.3,0.0205,12.22,773.45,12.56,44.72,15,1.895,0
WFR-1688,FAB-BATCH-110,14-08-2026 16:36,,148.8,453.18,12.65,2163,22.86,337.81,24.94,0.0483,11.91,775.73,11.66,44.88,8,1.916,0
WFR-1689,FAB-BATCH-110,14-08-2026 17:04,1.2784,148.07,465.3,11.857,2129.8,23.51,349.85,25.16,0.0641,11.02,775.82,10.65,44.44,20,1.917,0
WFR-1690,FAB-BATCH-110,14-08-2026 17:32,1.2678,152.65,448.18,13.712,2172.2,24.59,352.35,23.12,0.0489,11.54,773.72,13.56,44.76,14,1.823,0
WFR-1691,FAB-BATCH-110,14-08-2026 18:00,1.2356,142.81,456.4,12.055,2218.9,24.46,353.88,24.37,0.0451,12.71,776.96,13.06,43.82,14,1.875,0
WFR-1692,FAB-BATCH-110,14-08-2026 18:28,1.2964,152.08,460.07,12.471,2171.9,22.98,347.59,24.28,0.0516,12.09,771.5,12.84,43.68,14,1.785,0
WFR-1693,FAB-BATCH-110,14-08-2026 18:56,1.2068,159.11,464.62,12.889,2190.5,24.21,370.24,24.28,0.0458,11.84,774.39,13.01,46.16,19,2.017,0
WFR-1694,FAB-BATCH-110,14-08-2026 19:24,1.2746,143.87,462.69,12.086,2218.7,25.08,348.18,24.01,0.0504,12.56,776.39,11.68,43.38,15,1.964,0
WFR-1695,FAB-BATCH-110,14-08-2026 19:52,1.2737,150.85,460.47,11.207,2220.8,25.67,348.15,24.22,0.0418,11.43,774.28,11.29,44.52,13,1.958,0
WFR-1696,FAB-BATCH-110,14-08-2026 20:20,1.2376,147.02,446.22,12.2,2156.8,28,343.62,25.18,0.0633,11.89,774.48,12.55,46.52,12,1.929,0
WFR-1697,FAB-BATCH-110,14-08-2026 20:48,1.263,151.92,443.14,13.221,2239.9,27.84,350.99,22.97,0.0671,12.07,774.66,13.89,44.47,10,1.902,0
WFR-1698,FAB-BATCH-110,14-08-2026 21:16,1.2,150.09,453.99,12.264,2245.1,31.25,354.92,25.92,0.0484,11.78,772.91,14.43,46.24,21,1.726,0
WFR-1699,FAB-BATCH-110,14-08-2026 21:44,1.287,147.11,461.2,11.907,2154.8,32.06,359.63,24.89,0.0334,12.05,777.93,13.45,44.11,16,1.913,0
WFR-1700,FAB-BATCH-110,14-08-2026 22:12,1.2426,152.2,447.33,13.148,2167,28.36,338.09,24.47,0.0437,11.91,772.45,12.54,43.42,10,1.861,0
WFR-1701,FAB-BATCH-110,14-08-2026 22:40,1.2291,158.12,462.78,12.268,2247.6,21.08,348.03,25.23,0.0478,11.3,775.8,12.82,42.61,10,1.976,0
WFR-1702,FAB-BATCH-110,14-08-2026 23:08,1.292,149.14,467.43,12.143,2194.1,31.77,353.57,23.34,0.0561,12.09,776.03,12.51,46.97,15,1.931,0
WFR-1703,FAB-BATCH-110,14-08-2026 23:36,1.2218,153.24,439,12.605,2111.2,28.77,354.7,23.97,0.0379,11.34,772.63,11.27,43.29,14,1.905,0
WFR-1704,FAB-BATCH-110,15-08-2026 00:04,1.1937,144.18,439.96,13.04,2144,28.8,350.05,24.4,0.0408,12.08,775.18,12.53,46.12,12,1.682,0
WFR-1705,FAB-BATCH-110,15-08-2026 00:32,1.1877,145.7,448.32,14.167,2190,30.15,354.34,25.59,,12.69,772.73,10.9,43.5,18,1.841,0
WFR-1706,FAB-BATCH-110,15-08-2026 01:00,1.2742,152.13,453.69,13.079,2153.5,30.61,343.53,24.46,0.0613,11.86,778.48,12.35,46.98,21,1.794,0
WFR-1707,FAB-BATCH-110,15-08-2026 01:28,1.1988,156.68,443.71,13.312,2183.5,33.27,362.46,24.86,0.0425,11.41,772.15,14.46,48.31,15,1.875,0
WFR-1708,FAB-BATCH-110,15-08-2026 01:56,1.3202,151.6,466.23,12.146,2201.3,29.48,357.94,24.03,0.034,11.94,773.37,13.49,42.47,22,1.808,0
WFR-1709,FAB-BATCH-110,15-08-2026 02:24,1.1667,148.59,455.09,11.782,2258.5,30.99,339.24,24.89,0.0894,11.58,771.94,11.39,43.37,19,1.822,1
WFR-1710,FAB-BATCH-110,15-08-2026 02:52,1.3179,150,450.47,12.544,2188.4,34.39,341.4,25.84,0.0594,12.3,771.61,12.41,46.16,19,1.896,0
WFR-1711,FAB-BATCH-110,15-08-2026 03:20,1.2584,144.37,432.77,12.575,2242.9,35.5,341.62,25.3,0.0468,11.93,778.98,11.5,45.77,17,1.807,0
WFR-1712,FAB-BATCH-110,15-08-2026 03:48,,152.72,434.21,11.745,2257.2,36.08,355.42,24.43,0.0604,12.85,776.36,12.42,46.17,20,1.862,0
WFR-1713,FAB-BATCH-110,15-08-2026 04:16,1.2282,153.97,453.37,12.377,2257.4,33.78,339.72,25.04,0.0485,12.58,775.35,13.75,44.14,11,1.698,0
WFR-1714,FAB-BATCH-110,15-08-2026 04:44,1.266,147.97,424.41,12.78,2211.4,33.94,347.35,24.96,0.0604,11.92,773.36,13.28,47.98,16,1.767,0
WFR-1715,FAB-BATCH-110,15-08-2026 05:12,1.2485,147.88,462.15,12.752,2121.5,35.44,353.64,24.91,0.0519,12.36,777.27,15.48,45.18,14,1.916,0
WFR-1716,FAB-BATCH-110,15-08-2026 05:40,1.2941,151.2,448.1,12.853,2218.4,37.48,349.47,25.39,0.0511,11.8,772.94,13.93,43.17,19,1.727,0
WFR-1717,FAB-BATCH-110,15-08-2026 06:08,1.2546,148.03,488.92,12.704,2241.9,40.52,352.07,25.38,0.0486,12.02,776.98,12.74,44.62,15,1.975,0
WFR-1718,FAB-BATCH-110,15-08-2026 06:36,1.256,149.7,477.69,12.145,2196.8,34.01,341.47,24.4,0.0326,11.82,772.82,13.31,43.19,18,1.947,1
WFR-1719,FAB-BATCH-110,15-08-2026 07:04,1.2355,159.45,447.82,12.14,2269.8,38.21,354.76,25.01,0.0733,12.38,773.39,12.26,47.39,21,1.823,0
WFR-1720,FAB-BATCH-110,15-08-2026 07:32,1.2477,148.89,448.72,11.661,2234.4,36.53,345.09,24.19,0.0387,12.72,776.9,11.15,44.01,18,2.15,0
WFR-1721,FAB-BATCH-110,15-08-2026 08:00,1.2623,148.39,461.95,13.749,2222.7,36.45,347.4,23.76,0.0337,12.4,777.16,14.07,45.74,18,1.974,0
WFR-1722,FAB-BATCH-110,15-08-2026 08:28,1.1816,147.09,470.44,12.509,2243.5,42.23,351.9,24.28,0.0474,12.46,776.49,13.71,44.29,12,1.755,0
WFR-1723,FAB-BATCH-110,15-08-2026 08:56,1.1961,153.35,430.34,12.343,2213.3,41.94,350.82,24.44,0.0385,12.46,772.38,12.21,44.08,20,1.925,0
WFR-1724,FAB-BATCH-110,15-08-2026 09:24,1.2797,,428.56,11.85,2100.3,42.3,350.19,23.17,0.0494,12.28,773.88,12.83,42.13,17,1.857,0
WFR-1725,FAB-BATCH-110,15-08-2026 09:52,1.2568,147.08,442.54,14.555,2180,43.79,343.99,25.19,0.0583,11.43,775.39,13.99,45.9,21,1.772,0
WFR-1726,FAB-BATCH-110,15-08-2026 10:20,1.2426,155.95,456.99,11.749,2247.9,41.54,347.6,22.29,0.0619,12.85,772.88,13.52,46.95,21,1.743,0
WFR-1727,FAB-BATCH-110,15-08-2026 10:48,1.2507,156.39,455.96,12.2,2167.7,42.18,350.02,26.67,0.0598,12.9,778.43,10.74,43.63,18,1.949,0
WFR-1728,FAB-BATCH-110,15-08-2026 11:16,1.2639,147.3,462.84,12.791,2191.1,47.97,339,25.7,0.0463,11.88,769,12.79,42.68,15,1.79,0
WFR-1729,FAB-BATCH-110,15-08-2026 11:44,1.2284,141.6,435.6,12.92,2158.2,43.66,346.3,24.29,0.0506,11.81,773.05,12.3,46.2,22,1.84,0
WFR-1730,FAB-BATCH-110,15-08-2026 12:12,1.2189,154.53,422.21,13.171,2271.4,46.17,353.1,24.51,0.0549,12.31,773.73,13.84,42.53,22,1.758,0
WFR-1731,FAB-BATCH-110,15-08-2026 12:40,1.2578,146.92,460.3,13.765,2267.3,45.26,339.78,24.74,0.0289,12.28,767.89,13.74,46.83,19,1.775,0
WFR-1732,FAB-BATCH-110,15-08-2026 13:08,1.2109,153.56,440.06,12.854,2164.6,42.1,359.25,24.03,0.0568,11.9,771.51,14.08,43.64,16,1.837,0
WFR-1733,FAB-BATCH-110,15-08-2026 13:36,1.2663,141.13,425.78,11.761,2205.9,42.26,360.16,24.65,0.0325,11.37,776.56,11.16,43.35,12,1.889,0
WFR-1734,FAB-BATCH-110,15-08-2026 14:04,1.1819,154.02,451.74,12.32,2172.8,45.74,340.04,24.38,0.0745,12.15,775.08,11.56,45.37,18,1.591,0
WFR-1735,FAB-BATCH-110,15-08-2026 14:32,1.2912,144.55,459.52,12.715,2224.6,49.56,360.86,24.42,0.0451,12.28,778.93,13.84,43.44,15,1.852,0
WFR-1736,FAB-BATCH-110,15-08-2026 15:00,1.2689,153.29,448.54,13.948,2220.4,49.58,348.85,24.65,0.0478,12.36,778.86,11.79,43.94,8,1.775,1
WFR-1737,FAB-BATCH-110,15-08-2026 15:28,1.2602,150.06,444.51,11.522,2232.5,50.38,353.35,23.45,0.0408,12.17,776.08,10.67,45.53,18,1.99,0
WFR-1738,FAB-BATCH-110,15-08-2026 15:56,1.2893,,448.09,13.342,2213.3,47.13,346.03,24.53,0.0424,11.86,775.78,13.14,41.36,18,2.144,0
WFR-1739,FAB-BATCH-110,15-08-2026 16:24,1.3166,148.17,445.55,12.626,2317.4,52.88,357.38,24.63,0.0773,12.5,775.16,11.84,47.46,19,1.814,0
WFR-1740,FAB-BATCH-110,15-08-2026 16:52,1.2906,,433.82,13.086,2158.9,48.27,353.25,24.6,0.0613,12.03,768.36,14.65,45.07,19,1.678,0
WFR-1741,FAB-BATCH-110,15-08-2026 17:20,1.1764,,441.42,12.429,2131.6,51.18,343.49,24.33,0.0314,11.77,771.51,12.86,43.06,14,1.862,0
WFR-1742,FAB-BATCH-110,15-08-2026 17:48,1.1988,152.63,456.26,11.91,2184.3,51.28,340.68,25.41,0.0681,11.91,775.25,12.69,43.47,20,1.829,0
WFR-1743,FAB-BATCH-110,15-08-2026 18:16,1.225,158.89,453.86,13.026,2137.3,51.5,338.32,24.22,0.0643,11.13,776.54,12.06,46.49,12,2.047,0
WFR-1744,FAB-BATCH-110,15-08-2026 18:44,1.251,142.96,452.02,12.958,2140.3,55.08,351.5,24.68,0.0466,11.91,775.72,14.41,45.9,16,2.017,1
WFR-1745,FAB-BATCH-110,15-08-2026 19:12,1.2707,157.28,438.06,13.18,2159.9,51.54,354.58,25.54,0.0537,12.34,772.77,12.93,47.08,17,1.937,0
WFR-1746,FAB-BATCH-110,15-08-2026 19:40,1.221,150.47,447.82,12.491,2163.1,50.8,355.21,24.44,0.0498,12.17,777.34,12.01,43.98,13,1.791,0
WFR-1747,FAB-BATCH-110,15-08-2026 20:08,1.2575,145.96,423.88,12.08,2161.8,54.09,349.06,24.67,0.0737,12.76,778.71,11.55,45.44,15,1.918,0
WFR-1748,FAB-BATCH-110,15-08-2026 20:36,1.2198,144.01,452.14,11.409,2220.7,53.8,340.74,24.42,0.0404,11.87,777.34,12.41,45.64,9,1.877,0
WFR-1749,FAB-BATCH-110,15-08-2026 21:04,1.2255,149.15,467.15,13.074,2179.8,61.9,344.54,25.49,0.0518,12.24,777.47,11.33,46.04,12,1.874,0
WFR-1750,FAB-BATCH-110,15-08-2026 21:32,1.1937,154.15,432.31,12.797,2192.8,57.05,359.22,24.29,0.0449,12.4,773.6,13.73,46.69,17,1.694,0
WFR-1751,FAB-BATCH-111,15-08-2026 22:00,1.2131,149.43,442.97,11.824,2235.8,14.18,346.12,25.53,0.0328,13.17,777.69,10.33,43.92,17,1.956,0
WFR-1752,FAB-BATCH-111,15-08-2026 22:28,1.1959,156.8,453.95,12.123,2169.3,13.44,351.15,24.42,0.0763,12.07,775.36,12.33,44.83,17,1.861,0
WFR-1753,FAB-BATCH-111,15-08-2026 22:56,1.211,143.47,465.03,12.173,2189.4,12.34,341.39,23.81,0.0358,11.48,776.28,13.23,44.08,20,1.84,0
WFR-1754,FAB-BATCH-111,15-08-2026 23:24,1.2921,149.95,444.62,11.462,2214.6,14.6,352.69,25.04,0.0526,12.42,775.91,12.91,44.92,16,1.79,0
WFR-1755,FAB-BATCH-111,15-08-2026 23:52,1.212,144.36,441.69,11.928,2122.3,17.43,346.34,24.26,0.0291,12.93,774.7,11.64,46.05,14,1.771,0
WFR-1756,FAB-BATCH-111,16-08-2026 00:20,1.3553,151.64,426.37,11.706,2104.6,20.6,358.37,25,0.0452,11.84,772.85,13.29,42.52,21,1.882,0
WFR-1757,FAB-BATCH-111,16-08-2026 00:48,1.2697,153.99,451.24,12.211,2213.8,20.54,356.19,22.32,0.0551,12.42,774.79,11.44,46.66,15,1.675,0
WFR-1758,FAB-BATCH-111,16-08-2026 01:16,1.2574,148.11,474.5,11.983,2219.7,19.31,346.03,24.5,0.0401,12.61,777.47,12.47,43.29,24,1.929,0
WFR-1759,FAB-BATCH-111,16-08-2026 01:44,1.2157,138.28,453.33,11.361,2282.6,18.75,348.99,24.13,0.057,12.51,773.9,13.28,44.54,26,1.745,0
WFR-1760,FAB-BATCH-111,16-08-2026 02:12,1.278,150.9,449.73,13.916,2206.3,20.49,345.59,23.65,0.0468,12.06,777.23,13.06,46.87,17,1.644,0
WFR-1761,FAB-BATCH-111,16-08-2026 02:40,1.227,151.97,453.86,13.377,2232.8,19.46,338.64,24.06,0.0639,11.65,776.84,11.69,45.49,18,2.032,0
WFR-1762,FAB-BATCH-111,16-08-2026 03:08,1.2549,151.82,449.87,11.955,2192.2,24.49,343.14,24.04,0.0663,11.96,774.25,13.94,45.51,9,1.764,0
WFR-1763,FAB-BATCH-111,16-08-2026 03:36,1.3524,155.56,440.24,12.691,2211.9,21.22,351.59,24.46,0.043,12.23,778.47,12.6,43.23,12,1.778,0
WFR-1764,FAB-BATCH-111,16-08-2026 04:04,1.2462,145.18,459.88,12.792,2266.7,21.98,352.6,23.41,0.0509,12.45,774.11,13.39,43.43,17,1.963,0
WFR-1765,FAB-BATCH-111,16-08-2026 04:32,1.296,153.06,452.71,13.334,2115,18.27,351.19,24.75,0.0522,12.17,778.77,14.33,46.41,15,2.035,0
WFR-1766,FAB-BATCH-111,16-08-2026 05:00,1.2219,155.37,450.21,11.927,2216.5,22.86,347.59,25.59,0.0574,11.81,776.09,13.84,44.12,16,1.697,0
WFR-1767,FAB-BATCH-111,16-08-2026 05:28,1.2486,142,438.3,13.264,2285.4,25.47,357.46,24.72,0.0502,12.28,774.96,13.84,44.26,20,1.754,0
WFR-1768,FAB-BATCH-111,16-08-2026 05:56,1.3208,151.44,465.64,12.116,2211.3,22.21,350.51,25.15,0.0523,12.43,772.78,12.73,46.45,11,1.762,0
WFR-1769,FAB-BATCH-111,16-08-2026 06:24,1.2249,147.73,457.98,11.565,2266,23.4,355.63,25.38,0.0471,12.19,774.78,13.45,43.43,8,1.943,0
WFR-1770,FAB-BATCH-111,16-08-2026 06:52,1.3225,149.63,443.36,13.007,2174.8,27.04,335.81,25.49,0.0514,11.58,774.49,12.76,45.4,7,2.014,0
WFR-1771,FAB-BATCH-111,16-08-2026 07:20,1.2783,151.56,462.02,13.404,2198.7,23.05,318.62,26,0.0656,11.91,771.85,11.05,45.06,12,1.742,1
WFR-1772,FAB-BATCH-111,16-08-2026 07:48,1.2275,147.81,444.03,14.312,2201.3,28.67,352.27,24.1,0.0578,12.47,774.46,12.86,45,17,1.991,0
WFR-1773,FAB-BATCH-111,16-08-2026 08:16,1.2753,146.96,440.62,11.66,2111.3,26.04,338.6,23.93,0.0584,11.31,772.99,12.81,44.22,13,1.779,0
WFR-1774,FAB-BATCH-111,16-08-2026 08:44,1.2889,150.15,440.88,12.989,2153.3,26.87,348.3,25.13,0.0587,10.95,776.46,13.2,44.13,14,1.884,0
WFR-1775,FAB-BATCH-111,16-08-2026 09:12,1.2749,145.11,428.75,12.213,2156.1,25.95,347.58,25.07,0.0482,12.75,778.27,12.35,43.38,15,1.723,0
WFR-1776,FAB-BATCH-111,16-08-2026 09:40,1.1872,145.11,455.66,13.048,2232.9,29.51,362.7,25.12,0.0538,12.26,771.93,11.59,45.72,11,1.838,0
WFR-1777,FAB-BATCH-111,16-08-2026 10:08,1.2209,153.06,428.03,11.471,2234.9,34.22,353.2,26.01,0.037,12.3,779.28,13.29,44,10,1.839,0
WFR-1778,FAB-BATCH-111,16-08-2026 10:36,1.2401,144.83,435.26,11.616,2213,31.41,351.33,24.51,0.0652,11.46,774.68,10.92,46.45,14,1.818,0
WFR-1779,FAB-BATCH-111,16-08-2026 11:04,1.247,153,425.09,11.957,2233,28.67,356.7,24.84,0.0166,12.37,772.56,14.25,44.66,11,1.888,0
WFR-1780,FAB-BATCH-111,16-08-2026 11:32,1.2748,152.08,448.97,12.555,2193.4,33.22,352.95,23.72,0.049,12.14,776.89,12.22,43.41,19,1.749,0
WFR-1781,FAB-BATCH-111,16-08-2026 12:00,1.2571,142.23,448.2,12.051,2248.1,30.87,346.34,26.21,0.0637,11.21,773.88,12.79,44.64,14,1.762,0
WFR-1782,FAB-BATCH-111,16-08-2026 12:28,1.1966,146.95,446.08,12.961,2200.4,34.8,358.57,24.23,0.0336,12.71,774.8,13.17,44.38,16,1.894,0
WFR-1783,FAB-BATCH-111,16-08-2026 12:56,1.2652,155.37,437.49,13.219,2202.3,34.21,341.12,24.25,0.0548,12.08,773.99,13.21,46.51,15,1.984,0
WFR-1784,FAB-BATCH-111,16-08-2026 13:24,1.2744,145.58,435.93,12.92,2189.4,27.26,352.59,24.22,0.0418,11.8,772.96,10.81,44.45,16,1.848,0
WFR-1785,FAB-BATCH-111,16-08-2026 13:52,1.2724,147.91,455.57,13.633,2227.4,31.69,337.62,23.98,0.0456,11.81,776.81,13.49,44.59,14,1.9,0
WFR-1786,FAB-BATCH-111,16-08-2026 14:20,1.2932,152.08,443.39,12.791,2183.2,36.14,351.63,23.92,0.0614,10.99,774.28,12.86,47.12,17,1.926,0
WFR-1787,FAB-BATCH-111,16-08-2026 14:48,1.2834,153.53,453.8,11.648,2239.1,35.1,351.54,24.08,0.0524,12.3,771.41,11.74,45.76,15,1.933,0
WFR-1788,FAB-BATCH-111,16-08-2026 15:16,1.2684,148.87,439.38,13.454,2154.7,33.3,363.41,23.41,0.0256,12.13,776.38,11.6,47.49,15,1.755,0
WFR-1789,FAB-BATCH-111,16-08-2026 15:44,1.2472,147.31,452.17,12.076,2156,34.63,337.48,23.87,0.0383,11.9,771.99,12.1,46.89,12,1.772,0
WFR-1790,FAB-BATCH-111,16-08-2026 16:12,1.1836,,465.64,13.137,2227.5,32.64,345.19,26.06,0.0617,12.64,772.12,10.94,43.67,14,1.781,0
WFR-1791,FAB-BATCH-111,16-08-2026 16:40,1.2672,157.83,457.03,13.602,2196.5,36.82,356.58,25.09,0.0554,11.31,777.98,14.57,46.48,13,2.043,0
WFR-1792,FAB-BATCH-111,16-08-2026 17:08,1.2583,154.4,445.05,12.82,2181.8,41.97,352.68,25.24,0.071,11.7,772.01,14.28,47.29,17,1.901,0
WFR-1793,FAB-BATCH-111,16-08-2026 17:36,1.2609,150.38,453.09,11.453,2235.6,39.71,351.44,25.44,,11.57,769.21,13.04,47.3,16,1.896,0
WFR-1794,FAB-BATCH-111,16-08-2026 18:04,1.1989,146.36,447.11,11.857,2175.7,43.03,342.35,25.97,0.0459,11.86,776.56,12.23,46.48,18,1.887,0
WFR-1795,FAB-BATCH-111,16-08-2026 18:32,1.2068,146.26,450.09,13.426,2192,40.96,345.27,23.08,0.08,12.03,774.24,12.26,46.45,16,1.718,1
WFR-1796,FAB-BATCH-111,16-08-2026 19:00,1.2921,152.35,446.09,12.382,2256,41.8,359.96,23.52,0.0503,12.22,774.46,13.41,44.55,13,2.044,0
WFR-1797,FAB-BATCH-111,16-08-2026 19:28,1.2484,151.88,448.03,12.556,2261.6,44.25,349.59,23.86,0.0384,11.83,774.21,14.61,43.74,11,1.898,0
WFR-1798,FAB-BATCH-111,16-08-2026 19:56,1.2773,156.31,452.55,13.031,2262.9,41.6,353,24.12,0.0424,11.56,775.58,11.82,44.47,16,1.922,0
WFR-1799,FAB-BATCH-111,16-08-2026 20:24,1.2511,152.93,438.08,12.987,2188.7,41.03,349.08,24.26,0.0229,12.84,773.12,11.16,42.5,13,1.673,0
WFR-1800,FAB-BATCH-111,16-08-2026 20:52,1.2512,143.24,437.81,12.695,2249.2,44.02,340.54,24.14,0.0693,13.21,778.69,14.36,47.01,23,1.928,0
WFR-1801,FAB-BATCH-111,16-08-2026 21:20,1.2875,154.73,433.34,12.354,2162,45.41,357.47,24.68,0.0691,12.07,771.31,10.36,44.58,10,1.814,0
WFR-1802,FAB-BATCH-111,16-08-2026 21:48,1.2294,145.51,430.8,12.281,2163.7,42.09,354.03,24.53,0.0378,11.62,776.11,11.29,46.94,15,1.718,0
WFR-1803,FAB-BATCH-111,16-08-2026 22:16,1.2538,148.27,435.39,13.101,2106,42.16,368.45,23.92,0.0473,12.74,776.61,12.2,43.15,13,1.755,0
WFR-1804,FAB-BATCH-111,16-08-2026 22:44,1.2315,151.13,451.91,12.887,2266.9,44.43,341.88,22.76,0.0511,11.28,773.1,10.63,46.62,16,1.724,0
WFR-1805,FAB-BATCH-111,16-08-2026 23:12,1.2326,,439.29,12.32,2165.4,46.36,356.58,23.71,0.0385,11.83,772.44,13.83,44.26,18,1.722,0
WFR-1806,FAB-BATCH-111,16-08-2026 23:40,1.2376,163.99,456.16,13.257,2194.9,46.85,339.51,24.06,0.0289,11.65,777.54,13.53,43.07,16,1.856,0
WFR-1807,FAB-BATCH-111,17-08-2026 00:08,1.2589,152.73,450.42,12.41,2163.6,42.95,351.26,24.3,0.0475,11.42,772.52,11.81,47.44,13,1.811,0
WFR-1808,FAB-BATCH-111,17-08-2026 00:36,1.2309,149.18,426.38,11.904,2227.8,50.17,357.81,23.6,0.0461,11.86,773.48,14.04,46.66,10,1.883,0
WFR-1809,FAB-BATCH-111,17-08-2026 01:04,1.3002,152.41,457.86,11.969,2185,45.62,333.42,24.11,0.0453,11.57,777.22,14.24,45.32,17,2.018,0
WFR-1810,FAB-BATCH-111,17-08-2026 01:32,1.2142,153.99,459.73,11.815,2147.8,46.92,348.36,23.6,0.0527,12.01,775.09,12.36,45.05,9,1.837,0
WFR-1811,FAB-BATCH-111,17-08-2026 02:00,1.2425,148.56,438.07,12.309,2217.7,46.19,345.49,24.4,0.0672,12.01,770.51,11.96,45.66,10,1.626,0
WFR-1812,FAB-BATCH-111,17-08-2026 02:28,1.2324,158.08,455.04,13.364,2142.7,53.95,344.38,23.64,0.0464,11.69,779.37,15.21,45.29,14,1.826,0
WFR-1813,FAB-BATCH-111,17-08-2026 02:56,1.3079,151.04,439.72,11.936,2166.5,49.58,353.08,23.82,0.052,11.81,773.67,13.37,43.81,18,1.969,0
WFR-1814,FAB-BATCH-111,17-08-2026 03:24,1.2579,152.24,451.17,12.632,2115.7,47.95,358.97,23.45,0.0587,11.88,773.99,12.81,44.38,11,1.841,0
WFR-1815,FAB-BATCH-111,17-08-2026 03:52,1.2913,153,434.83,12.04,2143,51.93,348.93,24.38,0.0566,12.4,775.64,14.14,47.94,16,2.003,0
WFR-1816,FAB-BATCH-111,17-08-2026 04:20,1.1906,151.9,428.48,12.318,2207.1,52.29,351.64,23.81,0.0426,11.93,776.56,12.86,49.01,19,1.895,0
WFR-1817,FAB-BATCH-111,17-08-2026 04:48,1.2607,153.78,445.41,11.443,2121.4,50.92,350.91,25.23,0.0512,12.41,779.9,11.89,47.34,19,1.666,0
WFR-1818,FAB-BATCH-111,17-08-2026 05:16,1.2856,147.22,448.52,12.346,2140.8,53.53,350.01,24.82,0.0566,12.29,770.85,12.6,45.72,17,1.861,0
WFR-1819,FAB-BATCH-111,17-08-2026 05:44,1.2533,147.49,445.23,12.364,2199.9,50.75,341.29,24.44,0.0365,12.29,777.06,13.75,44.49,12,1.88,0
WFR-1820,FAB-BATCH-111,17-08-2026 06:12,1.2926,145.05,435.79,12.878,2178.3,51.96,358.87,23.86,0.0652,12.69,776.86,10.11,43.8,12,1.958,0
WFR-1821,FAB-BATCH-111,17-08-2026 06:40,1.2293,151.98,445.2,12.656,2279.7,49.48,352.36,24.8,0.0672,11.44,774.66,12.15,43.9,21,2.032,0
WFR-1822,FAB-BATCH-111,17-08-2026 07:08,1.3064,153.51,453.23,11.661,2273.4,51.4,353.16,25.05,0.0413,11.76,776.97,14.16,44.17,19,1.941,0
WFR-1823,FAB-BATCH-111,17-08-2026 07:36,1.342,152.06,449.46,13.259,2165.3,58.22,343.55,24.61,0.0523,12.88,777.34,11.89,48.23,10,1.894,0
WFR-1824,FAB-BATCH-111,17-08-2026 08:04,1.2355,157.54,452.19,12.647,2222.3,58.43,346.33,25.78,0.0577,11.87,771.55,14.36,47.71,14,1.918,0
WFR-1825,FAB-BATCH-111,17-08-2026 08:32,1.2322,149.97,441.96,12.639,2230,55.83,348.59,24.87,0.0435,10.59,779.37,14.2,46.12,18,1.833,0
WFR-1826,FAB-BATCH-112,17-08-2026 09:00,1.3081,153.01,464.06,12.494,2176.1,18.33,337.73,25.23,0.0558,11.9,771.1,12.42,43.56,10,1.704,0
WFR-1827,FAB-BATCH-112,17-08-2026 09:28,1.3132,145.09,435.89,12.138,2140.2,15.23,336.5,24.61,0.052,12.07,772.16,11.82,46.34,18,1.854,0
WFR-1828,FAB-BATCH-112,17-08-2026 09:56,1.2291,148.26,455.85,12.652,2199.5,15.61,345.19,25.04,0.0324,10.69,774.35,12.16,44.64,12,1.887,0
WFR-1829,FAB-BATCH-112,17-08-2026 10:24,1.2332,153.13,464.18,12.833,2193.1,16.76,354.18,23.86,0.0555,12.67,779.81,15.7,41.77,22,1.73,0
WFR-1830,FAB-BATCH-112,17-08-2026 10:52,1.2387,153.82,455.77,11.277,2182.6,16.95,344.77,24.13,0.0368,11.64,774.23,14.75,45.43,18,1.983,0
WFR-1831,FAB-BATCH-112,17-08-2026 11:20,1.1962,148.68,447.57,12.123,2217.7,17.32,341.85,24.78,0.0613,12.16,774.92,12.65,43.74,12,1.951,0
WFR-1832,FAB-BATCH-112,17-08-2026 11:48,1.2133,149.68,443.66,12.322,2170,20.59,343.48,24.77,0.0419,11.89,778.58,11.77,43.79,15,1.713,0
WFR-1833,FAB-BATCH-112,17-08-2026 12:16,1.2098,143.17,462.43,12.679,2153.9,19.15,346.36,24.91,0.0481,11.36,774.25,12.64,44.62,14,1.987,0
WFR-1834,FAB-BATCH-112,17-08-2026 12:44,1.2193,148.39,432.92,13.335,2204.4,20.82,347.17,25.38,0.0665,11.46,772.05,12.79,44.25,11,1.819,0
WFR-1835,FAB-BATCH-112,17-08-2026 13:12,1.2486,154.01,438.36,11.96,2215.4,22.01,367.32,23.36,0.056,11.53,773.96,11.01,44.95,19,1.772,0
WFR-1836,FAB-BATCH-112,17-08-2026 13:40,1.2594,152.59,445.23,12.151,2152.9,21.28,358.44,23.72,0.037,12.54,778.43,12.6,44.88,13,1.958,0
WFR-1837,FAB-BATCH-112,17-08-2026 14:08,1.312,,464.85,12.141,2237.1,19.11,358.2,24.68,0.0378,11.93,775.18,14.09,42.19,18,1.845,0
WFR-1838,FAB-BATCH-112,17-08-2026 14:36,1.2101,150.22,454.56,11.939,2129.2,18.89,359.35,23.92,0.0428,11.74,779.83,10.34,47.28,12,2.04,0
WFR-1839,FAB-BATCH-112,17-08-2026 15:04,1.2894,150.03,438.38,12.257,2176.9,22.45,342.01,27.2,0.0547,11.53,776.84,13.49,43.52,17,1.765,0
WFR-1840,FAB-BATCH-112,17-08-2026 15:32,1.2414,147.03,446.28,13.04,2189.7,22.36,340.22,24.91,0.0543,12.6,773.39,14.15,43.57,16,1.677,0
WFR-1841,FAB-BATCH-112,17-08-2026 16:00,1.248,153.14,442.63,11.762,2174.6,23.42,341.15,24.44,0.0399,12.73,775.13,11.83,44.51,14,1.822,0
WFR-1842,FAB-BATCH-112,17-08-2026 16:28,1.277,151.89,441.48,12.799,2177.4,23.77,360.68,24.09,0.036,12.59,772.87,14.53,44.84,16,1.929,0
WFR-1843,FAB-BATCH-112,17-08-2026 16:56,1.2051,152.21,461.75,11.309,2274.8,29.52,345.62,24.12,0.0534,12.25,773.33,11.67,47.19,17,1.757,0
WFR-1844,FAB-BATCH-112,17-08-2026 17:24,1.2653,147.63,433.54,12.107,2166,22.24,339.99,24.52,0.0478,12.14,786.2,13.03,45.4,17,1.717,0
WFR-1845,FAB-BATCH-112,17-08-2026 17:52,1.2567,140.31,469.31,12.269,2297.6,21.47,346.55,24.59,0.0759,11.39,777.55,12.13,45.85,10,1.873,0
WFR-1846,FAB-BATCH-112,17-08-2026 18:20,1.2697,154.94,459.94,13.672,2217.5,26.66,348.09,24.13,0.0504,11.88,777.15,12.13,45.41,16,1.704,0
WFR-1847,FAB-BATCH-112,17-08-2026 18:48,1.2616,147.85,463.09,12.308,2203.7,25.8,352.15,24.28,0.0718,11.66,773.44,11.76,45.35,17,1.881,0
WFR-1848,FAB-BATCH-112,17-08-2026 19:16,1.3482,146.12,444.44,10.959,2219,27.73,352.01,25.58,0.036,11.09,778.92,13.34,45.46,12,1.816,0
WFR-1849,FAB-BATCH-112,17-08-2026 19:44,1.2245,153.12,448.2,11.101,2301.2,28.82,343.37,25.61,0.0311,12.53,777.75,13.52,42.1,15,1.899,0
WFR-1850,FAB-BATCH-112,17-08-2026 20:12,1.2288,148.24,432.8,12.524,2160.3,30.77,355.49,24.7,0.0366,11.65,779.7,12.42,44.63,14,1.712,0
WFR-1851,FAB-BATCH-112,17-08-2026 20:40,1.2251,154.77,443.7,12.93,2155.2,25.74,344.89,23.43,0.0643,12.6,779.58,10.87,46.74,14,1.98,0
WFR-1852,FAB-BATCH-112,17-08-2026 21:08,1.2278,152.78,455.92,12.763,2169.8,28.19,348.75,24.93,0.0711,12.44,771.3,12.98,50.91,4,1.832,0
WFR-1853,FAB-BATCH-112,17-08-2026 21:36,1.2245,153.08,465.55,12.617,2201.3,30.71,355.49,25.74,0.0406,12.28,772.23,13.01,43.19,13,1.926,0
WFR-1854,FAB-BATCH-112,17-08-2026 22:04,1.2976,143.85,436.71,13.314,2131,31.94,344.87,25.6,0.0445,12.31,772.49,12.24,45.63,18,1.946,0
WFR-1855,FAB-BATCH-112,17-08-2026 22:32,1.3068,155.45,445.61,12.122,2200.9,35.34,345.45,25.09,0.036,11.69,772.64,14.74,44.14,12,1.734,0
WFR-1856,FAB-BATCH-112,17-08-2026 23:00,1.2272,151.18,448.18,13.126,2267.7,33.41,354.73,25.64,0.0283,12.93,775.81,10.62,48.07,13,1.938,0
WFR-1857,FAB-BATCH-112,17-08-2026 23:28,1.2167,148.34,433.25,11.358,2206.1,31.94,343.14,24.54,0.0586,12.02,773.58,9.84,42.97,13,1.707,0
WFR-1858,FAB-BATCH-112,17-08-2026 23:56,1.2689,150.65,457.1,11.867,2188.3,30.82,346.92,25,0.0527,12.15,780.18,11.62,45.94,16,1.713,0
WFR-1859,FAB-BATCH-112,18-08-2026 00:24,1.2279,142.01,441.31,11.235,2175.3,32.02,354.45,23.96,0.0501,11.68,779.76,13.35,42.89,16,2.046,0
WFR-1860,FAB-BATCH-112,18-08-2026 00:52,1.2753,151.84,447.66,12.308,2235.9,32.51,366.43,24.73,0.0332,11.53,774.98,11.23,44.52,16,1.961,0
WFR-1861,FAB-BATCH-112,18-08-2026 01:20,1.2581,145.37,444.58,12.468,2167,35.56,354.84,25.56,0.0697,12.24,779.89,11.32,44.95,19,2.057,0
WFR-1862,FAB-BATCH-112,18-08-2026 01:48,1.1894,143.91,440.53,12.58,2273.9,35.31,353.78,24.03,0.044,12.11,778.72,13.64,46.6,12,1.813,0
WFR-1863,FAB-BATCH-112,18-08-2026 02:16,1.3119,143.15,449.92,12.543,2277.3,32.7,354.25,23.81,0.0564,11.61,773.87,13.06,43.38,15,1.86,0
WFR-1864,FAB-BATCH-112,18-08-2026 02:44,1.3218,155.01,447.41,11.851,2210.3,35.03,341.41,24.58,0.0325,11.28,769.98,12.95,46,14,1.903,0
WFR-1865,FAB-BATCH-112,18-08-2026 03:12,1.2255,147.17,445.54,12.367,2199.5,38.21,350.92,24.32,0.0477,11.37,774.46,13.44,45.03,12,1.849,0
WFR-1866,FAB-BATCH-112,18-08-2026 03:40,1.2345,156.9,441.26,11.452,2241.2,37.7,349.76,25.02,0.0535,12.6,773.39,11.99,45.41,20,1.775,0
WFR-1867,FAB-BATCH-112,18-08-2026 04:08,1.2614,,453.83,13.454,2243.8,38.69,352.57,24.14,0.0539,11.69,775.52,12.05,46.44,16,1.76,0
WFR-1868,FAB-BATCH-112,18-08-2026 04:36,1.2634,142.32,469.84,12.287,2167.8,38.87,350.93,25.87,0.0519,11.83,775.22,13.47,43.08,15,1.871,0
WFR-1869,FAB-BATCH-112,18-08-2026 05:04,1.2763,144.98,451.68,12.158,2178.9,41.9,353.04,23.47,0.0559,12.73,775.16,10.89,46.22,11,1.743,0
WFR-1870,FAB-BATCH-112,18-08-2026 05:32,1.3304,155.56,461.95,13.612,2147.1,39.67,347.51,25.5,0.0364,11.44,776.31,9.93,44.15,10,1.741,0
WFR-1871,FAB-BATCH-112,18-08-2026 06:00,1.2429,149.3,433.32,11.63,2216.4,38.98,350.47,23.89,0.0524,11.64,771.97,11.98,46.64,12,1.889,0
WFR-1872,FAB-BATCH-112,18-08-2026 06:28,1.2181,147.53,451.89,11.712,2226.7,38.47,340.18,23.06,0.0514,11.62,776.03,13.62,45.5,16,1.84,0
WFR-1873,FAB-BATCH-112,18-08-2026 06:56,1.1948,150.72,436.83,11.733,2146,41.35,347.44,24.69,0.0528,12.81,773.9,12.81,44.69,6,1.944,0
WFR-1874,FAB-BATCH-112,18-08-2026 07:24,1.2208,152.26,432.28,12.452,2181.8,36.52,361.13,24.3,0.0509,13,775.5,13.53,44.11,16,1.808,0
WFR-1875,FAB-BATCH-112,18-08-2026 07:52,1.2487,155.03,441.13,12.802,2146.1,41.58,352.55,23.61,0.0347,12.38,777.39,10.08,46.23,12,1.792,0
WFR-1876,FAB-BATCH-112,18-08-2026 08:20,1.3218,156.52,464.3,13.018,2164,42.09,349.83,23.15,0.0342,12.39,771.94,12.88,46.89,15,1.892,0
WFR-1877,FAB-BATCH-112,18-08-2026 08:48,1.2293,148.38,461.4,14.3,2222,40.32,365.17,24.49,0.0234,11.71,774.3,13.28,44.2,14,1.769,0
WFR-1878,FAB-BATCH-112,18-08-2026 09:16,1.259,144.03,452.92,10.925,2170.7,41.74,339.11,25.28,0.0598,12.97,774.7,10.88,43.3,10,1.784,0
WFR-1879,FAB-BATCH-112,18-08-2026 09:44,1.2493,148.14,431.61,12.926,2188,45.77,341.12,24.97,0.0599,12.13,773.71,13.53,46.04,13,1.788,0
WFR-1880,FAB-BATCH-112,18-08-2026 10:12,1.2975,151.17,447.64,12.11,2134.9,45.16,363.7,24.55,0.0601,12.43,777.25,12.37,42.83,22,1.829,0
WFR-1881,FAB-BATCH-112,18-08-2026 10:40,1.3511,145.66,453.62,12.09,2207.5,45.45,350.37,24.88,0.0537,11.95,773.2,16.19,43.04,11,2.027,0
WFR-1882,FAB-BATCH-112,18-08-2026 11:08,1.2288,145.69,452.11,12.066,2198.2,46.41,348.06,24.48,0.0244,11.87,773.61,9.89,43.41,18,1.712,0
WFR-1883,FAB-BATCH-112,18-08-2026 11:36,1.2304,151.55,427.87,11.864,2170.8,46.54,340.41,23.36,0.0377,12.83,773.23,14.14,44.38,16,1.98,0
WFR-1884,FAB-BATCH-112,18-08-2026 12:04,1.2918,149.78,439.32,13.679,2192.4,49.39,353.58,23.36,0.052,12.27,777.73,12.03,43,17,1.924,0
WFR-1885,FAB-BATCH-112,18-08-2026 12:32,1.2773,150.15,449.23,13.09,2207.2,47.7,354.36,24.34,0.0516,12.73,773.77,10.56,42.09,13,2.007,0
WFR-1886,FAB-BATCH-112,18-08-2026 13:00,1.3239,146.59,456.44,12.516,2167.4,45.08,341.24,24.37,0.0473,12.13,776.15,11.87,43.3,17,2.164,0
WFR-1887,FAB-BATCH-112,18-08-2026 13:28,1.2734,148.96,423.65,13.446,2140.9,51.81,348.88,25.18,0.0544,11.58,779.94,12.83,45.96,17,1.993,0
WFR-1888,FAB-BATCH-112,18-08-2026 13:56,1.2356,145.84,448.05,11.441,2272.2,49.84,347.32,25.11,0.0501,11.71,774.81,13.74,43.09,13,1.943,0
WFR-1889,FAB-BATCH-112,18-08-2026 14:24,1.2736,154.01,451.72,11.569,2174.7,48.47,352.05,24.98,0.0514,12.05,777.78,14.57,44.49,15,1.719,0
WFR-1890,FAB-BATCH-112,18-08-2026 14:52,1.2943,154.66,460.2,10.975,2196.1,47.69,341.05,24.28,0.0423,11.69,779.18,14.21,47.92,12,1.731,0
WFR-1891,FAB-BATCH-112,18-08-2026 15:20,1.2828,141.69,458.31,12.01,2240.4,51.54,360.02,23.4,0.0618,11.45,777.57,11.34,44.93,20,1.886,0
WFR-1892,FAB-BATCH-112,18-08-2026 15:48,1.2703,145.82,456.99,12.613,2341.2,51.07,357.33,24.83,0.0448,12.6,774.96,13.86,45.51,21,1.68,1
WFR-1893,FAB-BATCH-112,18-08-2026 16:16,1.2927,143.27,440.4,12.572,2150.2,55,347.09,24.92,0.034,11.73,776.61,12.97,43.58,15,1.912,0
WFR-1894,FAB-BATCH-112,18-08-2026 16:44,1.2968,147.07,427.1,12.605,2218,51.71,348.27,22.59,0.0407,12.07,771.78,11.71,48.25,21,1.637,0
WFR-1895,FAB-BATCH-112,18-08-2026 17:12,1.3053,149.62,445.28,11.512,2171.7,51.28,348.91,23.83,0.0458,12.15,773.05,12.25,44.19,22,1.965,0
WFR-1896,FAB-BATCH-112,18-08-2026 17:40,1.2759,143.48,462.02,13.062,2178.4,55.29,343.77,23.95,0.0619,11.71,773.49,11.65,44.66,11,1.818,1
WFR-1897,FAB-BATCH-112,18-08-2026 18:08,1.2433,145.85,466.72,12.668,2171.2,55.9,346.45,24.59,0.0495,12.73,780.6,12.54,46.98,15,1.863,1
WFR-1898,FAB-BATCH-112,18-08-2026 18:36,1.2559,145.48,458.53,13.013,2155,54.94,347.84,23.86,0.0478,11.44,772.97,11.62,44.73,22,1.775,0
WFR-1899,FAB-BATCH-112,18-08-2026 19:04,1.2983,150.93,455.15,11.175,2198.3,56.5,362.9,24.47,0.035,12.13,772.93,11.27,45.07,14,1.66,0
WFR-1900,FAB-BATCH-112,18-08-2026 19:32,1.2173,150.31,454.56,12.718,2141,55.62,357.57,24.33,0.0594,12.12,772.39,13.07,44.58,12,1.973,0
WFR-1901,FAB-BATCH-113,18-08-2026 20:00,1.2647,146.75,443.33,11.669,2237.9,15.47,357.48,24.37,0.0422,11.97,776.4,13.25,44.59,19,1.984,0
WFR-1902,FAB-BATCH-113,18-08-2026 20:28,1.2343,150.8,448.44,12.222,2202.2,17.88,352.96,23.93,0.0488,11.35,775.36,12.27,45.56,20,1.815,0
WFR-1903,FAB-BATCH-113,18-08-2026 20:56,1.2511,147.54,470.03,12.874,2216.9,17.35,341.06,23.99,0.0678,12.44,777.72,14.14,45.83,14,1.916,0
WFR-1904,FAB-BATCH-113,18-08-2026 21:24,1.3011,148.78,438.69,12.564,2181.4,16.31,349.67,23.64,0.0561,12.37,776.68,12.19,44.04,9,1.811,0
WFR-1905,FAB-BATCH-113,18-08-2026 21:52,1.2576,157.53,469.38,11.904,2185.3,19.9,357.76,24.8,0.0305,11.66,771.55,12.14,43.85,14,1.879,0
WFR-1906,FAB-BATCH-113,18-08-2026 22:20,,156.03,446.14,12.504,2211.5,13.02,339.93,24.96,0.0288,12.35,772.98,13.29,44.09,13,1.926,0
WFR-1907,FAB-BATCH-113,18-08-2026 22:48,1.1956,144.15,465.91,11.428,2153.4,22.4,355.09,23.88,0.0492,12.19,778.41,12.34,42.9,12,1.906,0
WFR-1908,FAB-BATCH-113,18-08-2026 23:16,1.2799,153.73,433.12,13.305,2185.7,15.44,368.58,25.72,0.0354,11.36,774.49,12.6,42.61,15,1.984,0
WFR-1909,FAB-BATCH-113,18-08-2026 23:44,1.2758,153.65,457.03,12.356,2165.6,18.15,358.49,24.25,0.0578,11.57,777.97,9.48,45.45,16,1.902,0
WFR-1910,FAB-BATCH-113,19-08-2026 00:12,1.3365,144.83,441.16,13.283,2164.4,19.87,361.31,25.72,0.0505,12.57,774.63,12.52,46.41,14,1.853,0
WFR-1911,FAB-BATCH-113,19-08-2026 00:40,1.2377,153.68,433.02,12.131,2115.6,20.21,351.75,23.99,0.052,12.15,772.58,10.31,46.31,18,1.774,0
WFR-1912,FAB-BATCH-113,19-08-2026 01:08,1.2588,156.92,452.62,12.133,2253.6,23.06,357.74,22.88,0.0415,11.72,774.24,11.03,41.43,11,1.802,0
WFR-1913,FAB-BATCH-113,19-08-2026 01:36,1.26,144.95,462.11,11.965,2172.5,19.48,344.26,24.82,0.0709,11.57,772.58,10.9,44.63,14,1.931,0
WFR-1914,FAB-BATCH-113,19-08-2026 02:04,1.3131,145.87,439.86,13.113,2246.5,22.67,356.37,24.7,0.0841,11.74,773.59,11.25,43.35,15,1.7,0
WFR-1915,FAB-BATCH-113,19-08-2026 02:32,1.2462,154.58,432.01,12.003,2242.8,21.54,355.24,24.53,0.0467,11.78,775.5,11.84,45.22,13,1.961,0
WFR-1916,FAB-BATCH-113,19-08-2026 03:00,1.2612,151.22,448.9,12.951,2148.6,23.84,352.32,23.99,0.0542,11.58,776.28,11.92,44.37,13,1.822,0
WFR-1917,FAB-BATCH-113,19-08-2026 03:28,1.2743,152.48,448.95,12.232,2156.5,23.67,360.53,24.47,0.0512,11.13,771.02,13.3,45.89,16,1.768,0
WFR-1918,FAB-BATCH-113,19-08-2026 03:56,1.2575,151.53,456.58,11.117,2302.4,24.54,345.69,24.09,0.0469,12.57,774.96,12.77,44.97,18,1.74,0
WFR-1919,FAB-BATCH-113,19-08-2026 04:24,1.2321,,461.4,12.101,2270,23.8,348.5,24.26,0.04,12.49,773.53,10.22,42.16,19,1.917,0
WFR-1920,FAB-BATCH-113,19-08-2026 04:52,1.2578,144.03,449.29,11.675,2198.7,24.43,350.76,25.17,0.037,11.36,773.38,12.6,43.55,15,1.849,0
WFR-1921,FAB-BATCH-113,19-08-2026 05:20,1.2929,154.71,472.27,12.524,2210.3,26.57,341.76,24.65,0.0364,12.07,775.33,12.88,45.01,11,2.009,0
WFR-1922,FAB-BATCH-113,19-08-2026 05:48,1.2089,,452.69,11.667,2174.8,28.44,351.82,24.99,0.0549,11.55,773.62,12.11,45.14,16,1.724,0
WFR-1923,FAB-BATCH-113,19-08-2026 06:16,1.2553,148.97,445.84,13.148,2217.3,25.9,336.25,24.31,0.0438,11.87,778.46,12.43,42.89,14,1.792,0
WFR-1924,FAB-BATCH-113,19-08-2026 06:44,1.222,149.8,430.66,12.436,2171.3,25.91,358.38,24.23,0.0191,11.83,777.97,12.73,42.7,12,1.841,0
WFR-1925,FAB-BATCH-113,19-08-2026 07:12,1.2978,143.11,446.85,12.376,2118.7,29.43,350.37,23.58,0.0553,11.79,777.95,13.42,45.08,7,1.775,0
WFR-1926,FAB-BATCH-113,19-08-2026 07:40,1.1891,152.31,445.96,12.959,2147.1,28.68,345.83,24.2,0.0495,13,773.76,10.61,42.89,18,1.851,0
WFR-1927,FAB-BATCH-113,19-08-2026 08:08,1.2276,152.57,461.52,13.175,2200.8,30.96,343.33,21.84,0.0662,11.78,772.59,12.21,42.5,10,1.882,0
WFR-1928,FAB-BATCH-113,19-08-2026 08:36,1.2651,149.72,455.55,12.486,2154.8,28.04,348.12,24.03,0.0545,11.6,775.21,14.31,44.33,14,1.898,0
WFR-1929,FAB-BATCH-113,19-08-2026 09:04,1.3126,,435.85,11.96,2197.3,26.84,355.51,24.43,,11.62,774.62,14.2,44.27,19,2.001,0
WFR-1930,FAB-BATCH-113,19-08-2026 09:32,1.2474,148.5,452.07,11.258,2157,29.88,354.38,24.95,0.0232,12.52,773.48,13.52,43.68,7,1.72,0
WFR-1931,FAB-BATCH-113,19-08-2026 10:00,1.2278,152.54,458.06,12.02,2168.7,29.97,344.36,24.29,0.0414,11.17,772.06,13.14,43.94,12,1.884,0
WFR-1932,FAB-BATCH-113,19-08-2026 10:28,1.3252,145.41,468.34,12.068,2234.1,31.89,343.23,24.78,0.0425,11.62,774.9,14.49,45.02,17,1.785,0
WFR-1933,FAB-BATCH-113,19-08-2026 10:56,1.1921,149.89,460.65,12.575,2209.9,31.33,355.26,22.76,0.0613,12.72,773.99,14.8,43.92,15,1.893,0
WFR-1934,FAB-BATCH-113,19-08-2026 11:24,1.162,149.22,459.13,12.258,2199.6,34.63,344.22,24.45,0.0499,12.12,776.72,12.35,45.11,18,1.893,0
WFR-1935,FAB-BATCH-113,19-08-2026 11:52,1.2676,151.01,450.72,12.982,2235.2,33.12,350.48,23.16,0.0636,12.1,776.66,11.34,44.43,22,1.751,0
WFR-1936,FAB-BATCH-113,19-08-2026 12:20,1.2299,148.34,454.66,12.071,2219.2,34.55,350.99,23.53,0.0341,13.07,777.75,12.18,45.25,14,1.76,0
WFR-1937,FAB-BATCH-113,19-08-2026 12:48,1.2092,149.41,464.99,12.46,2257.9,35.12,352.5,24.35,0.0616,12.12,771.85,16.22,46.32,13,1.901,0
WFR-1938,FAB-BATCH-113,19-08-2026 13:16,1.2783,153.72,434.01,13.329,2181.6,35.74,356.87,25.52,0.0587,11.65,776,10.62,46.26,12,1.852,0
WFR-1939,FAB-BATCH-113,19-08-2026 13:44,1.2598,148.03,445.81,12.739,2182.8,35.85,339.9,24.8,0.0258,11.86,773.18,11.94,46.93,16,1.828,0
WFR-1940,FAB-BATCH-113,19-08-2026 14:12,1.2274,142.77,440.73,12.458,2148,37.47,334.71,24.51,0.0659,11.43,771.95,10.8,46.26,22,1.916,0
WFR-1941,FAB-BATCH-113,19-08-2026 14:40,1.1988,157.87,454.55,12.079,2182.8,35.41,345.46,24.48,0.0511,12.63,773.93,12.65,45.36,19,1.923,0
WFR-1942,FAB-BATCH-113,19-08-2026 15:08,1.2849,156.22,464.76,12.057,2238.6,40.35,364.41,23.93,0.0547,12.29,777.67,11.06,44.35,19,1.797,0
WFR-1943,FAB-BATCH-113,19-08-2026 15:36,1.276,144.18,442.84,11.905,2252,37.63,366.18,24.06,0.0396,12.56,774.07,12.37,44.42,17,1.765,0
WFR-1944,FAB-BATCH-113,19-08-2026 16:04,1.246,153.1,421.32,12.121,2238.4,36.03,364.65,24.84,0.0653,12.61,778.91,10.16,43.68,15,1.724,0
WFR-1945,FAB-BATCH-113,19-08-2026 16:32,1.3239,147.74,445.05,13.029,2128.2,39.58,348.46,23.39,0.0358,11.79,776.37,13.24,45.01,16,1.853,0
WFR-1946,FAB-BATCH-113,19-08-2026 17:00,1.2072,151.19,460.96,12.345,2243.3,38.05,335.74,24.97,0.06,11.53,774.01,13.97,46.05,14,1.708,0
WFR-1947,FAB-BATCH-113,19-08-2026 17:28,1.189,151.32,456.45,11.555,2126.5,41.63,331.26,24.19,0.0598,11.97,777.9,12.04,43.91,15,1.86,1
WFR-1948,FAB-BATCH-113,19-08-2026 17:56,1.2223,148.95,455.14,13.738,2235.9,45.27,345.09,25.16,0.0383,11.56,776.11,12.34,44.94,24,1.972,0
WFR-1949,FAB-BATCH-113,19-08-2026 18:24,1.2482,146.47,446.64,12.724,2185.3,39.83,348.42,25.27,0.0738,12.08,772.67,12.3,43.98,20,1.815,0
WFR-1950,FAB-BATCH-113,19-08-2026 18:52,1.2597,146.89,434.65,11.515,2228.1,42.61,360.41,23.16,0.0528,12.57,779.65,12.72,45.31,16,1.796,0
WFR-1951,FAB-BATCH-113,19-08-2026 19:20,1.2404,145.88,456.18,12.191,2146.7,38.99,356.94,24.03,0.0578,11.92,775.65,12.45,44.18,10,2.05,0
WFR-1952,FAB-BATCH-113,19-08-2026 19:48,1.2641,146.26,439.99,12.578,2246.8,43.96,351.82,23.82,0.0317,12.07,775.05,13.42,43.89,14,2.001,0
WFR-1953,FAB-BATCH-113,19-08-2026 20:16,1.1999,149.7,476.21,13.693,2141.4,41.83,342.88,23.05,0.0754,11.95,772.86,13.98,43.98,15,1.774,1
WFR-1954,FAB-BATCH-113,19-08-2026 20:44,1.3078,146.78,456.85,11.724,2173.3,42.9,342.31,23.67,0.0353,12.4,777.95,11.52,45.75,27,1.864,0
WFR-1955,FAB-BATCH-113,19-08-2026 21:12,1.2467,153.07,443.03,13.183,2160.1,42.5,352.03,26.45,0.0623,11.67,776.29,12.13,44.85,14,1.883,0
WFR-1956,FAB-BATCH-113,19-08-2026 21:40,1.2947,156.69,442.66,13.48,2129.8,46.71,355.58,24.99,0.0381,10.9,776.57,13.58,44.36,13,1.87,0
WFR-1957,FAB-BATCH-113,19-08-2026 22:08,1.2637,147.39,448.88,12.06,2203.8,47.81,353.14,26.03,0.0426,12.24,773.73,10.79,45.39,18,2.031,0
WFR-1958,FAB-BATCH-113,19-08-2026 22:36,1.2683,151.08,447.13,12.306,2272.2,46.4,341.72,25.16,0.0595,12.49,777.09,10.14,44.38,14,1.859,0
WFR-1959,FAB-BATCH-113,19-08-2026 23:04,1.2728,152.25,463.4,11.775,2306.7,45.17,355.21,23.91,0.0623,12.22,777.28,12.77,46.69,14,1.874,0
WFR-1960,FAB-BATCH-113,19-08-2026 23:32,1.2679,152.12,452.24,12.358,2203.9,50.63,353.41,24.19,0.0347,11.68,773.33,13.1,43.54,18,1.919,0
WFR-1961,FAB-BATCH-113,20-08-2026 00:00,1.2757,150.34,441.22,12.474,2244.7,46.5,341.43,24.97,0.0631,11.43,771.46,11.63,44.72,23,1.969,0
WFR-1962,FAB-BATCH-113,20-08-2026 00:28,1.3032,153.34,472.69,12.962,2209.3,44.23,343.73,24.85,0.0625,12.25,776.45,11.81,42.89,8,1.944,1
WFR-1963,FAB-BATCH-113,20-08-2026 00:56,1.2579,152.17,450.59,13.263,2220,50.02,355.51,24.04,0.0387,12.07,771.07,11.59,44.48,14,1.904,0
WFR-1964,FAB-BATCH-113,20-08-2026 01:24,1.2784,144.43,459.23,11.976,2186.3,47.44,348.12,23.29,0.0692,11.94,775.38,11.46,42.48,12,1.694,0
WFR-1965,FAB-BATCH-113,20-08-2026 01:52,1.2464,153.91,442.7,11.123,2207.8,52.18,362.71,27.13,0.0325,12.91,773.88,13.33,46.12,23,1.801,1
WFR-1966,FAB-BATCH-113,20-08-2026 02:20,1.3076,153.99,454.36,12.485,2221.5,49.99,354.01,24.39,0.0425,11.53,778.05,11.08,46.15,16,1.932,0
WFR-1967,FAB-BATCH-113,20-08-2026 02:48,1.2229,146.57,453.73,12.705,2176.9,52.51,346.11,24.24,,12.89,774.02,12.18,46.18,18,1.875,1
WFR-1968,FAB-BATCH-113,20-08-2026 03:16,1.322,150.17,427.32,12.675,2196.9,54.65,349.92,24.59,0.0398,12.02,777.77,11.41,45.04,14,1.933,0
WFR-1969,FAB-BATCH-113,20-08-2026 03:44,1.2484,153.07,474.18,12.271,2197.7,49.98,350.51,24.31,0.0532,11.08,773.71,10.75,43.68,14,2.039,0
WFR-1970,FAB-BATCH-113,20-08-2026 04:12,1.1928,149.06,465.49,12.587,2233.1,51.82,344.17,24.6,0.0529,11.91,777.5,13.54,43.8,17,1.732,0
WFR-1971,FAB-BATCH-113,20-08-2026 04:40,1.2551,154.83,445.23,13.561,2157.4,53.35,342.7,25.53,0.0478,12.48,780.15,11.88,47.3,22,1.964,0
WFR-1972,FAB-BATCH-113,20-08-2026 05:08,1.2228,160.64,436.77,12.767,2197.9,57.13,355.61,24.4,0.06,11.82,772.33,12.73,47.15,16,1.817,0
WFR-1973,FAB-BATCH-113,20-08-2026 05:36,1.2836,146.46,454.17,12.239,2276.5,53.28,356.76,23.57,0.0473,11.26,775.73,10.69,45.18,8,1.944,0
WFR-1974,FAB-BATCH-113,20-08-2026 06:04,1.2239,143.79,451.04,12.15,2246.6,53.96,354.83,24.37,0.0528,11.92,781.87,11.61,44.23,15,1.846,0
WFR-1975,FAB-BATCH-113,20-08-2026 06:32,1.2322,151.37,454.27,12.381,2254,56.66,362.12,24.13,0.0638,11.57,775.17,13.41,47.05,17,2.063,0
WFR-1976,FAB-BATCH-114,20-08-2026 07:00,1.1744,153.25,452.3,13.646,2201,13.85,345.67,25.64,0.0595,12.25,775.15,15.6,43.96,11,1.863,0
WFR-1977,FAB-BATCH-114,20-08-2026 07:28,1.2319,148.96,456.07,12.372,2212.8,15.86,363.39,25.44,0.0594,12.39,776.97,10.13,45.34,16,1.786,0
WFR-1978,FAB-BATCH-114,20-08-2026 07:56,1.153,156.54,467.37,12.486,2240.1,13,342.79,24.59,0.0362,11.47,775.1,12.26,47.03,6,1.892,0
WFR-1979,FAB-BATCH-114,20-08-2026 08:24,1.1866,143.98,456.82,12.162,2262.4,21.08,341.9,23.48,0.0563,11.65,770.73,12.99,43.75,13,1.882,0
WFR-1980,FAB-BATCH-114,20-08-2026 08:52,1.2804,153.12,437.4,13.269,2121.9,14.5,335.92,23.52,,12.38,777.83,11.76,46.24,7,1.964,0
WFR-1981,FAB-BATCH-114,20-08-2026 09:20,1.2814,147.27,466.35,13.872,2147.4,17.11,346.43,24.51,0.0346,11.57,769.99,13.52,45.78,13,1.895,0
WFR-1982,FAB-BATCH-114,20-08-2026 09:48,1.267,157.74,469.69,12.815,2252.4,18.24,345.97,24.77,0.0491,11.46,773.96,11.46,44.94,23,2.098,0
WFR-1983,FAB-BATCH-114,20-08-2026 10:16,1.2113,158.97,487.82,12.558,2188.9,22.68,354.21,24.2,0.0391,11.41,778.02,12.68,43.51,15,1.839,0
WFR-1984,FAB-BATCH-114,20-08-2026 10:44,1.2481,146.55,436.52,12.526,2173.1,16.75,351.95,24.12,0.0595,12.18,774.11,11.87,43.91,10,1.84,0
WFR-1985,FAB-BATCH-114,20-08-2026 11:12,1.2499,147.53,452.91,10.831,2149.8,23.92,340.46,24.03,0.0598,12.15,773.27,13.96,45.43,14,1.79,0
WFR-1986,FAB-BATCH-114,20-08-2026 11:40,1.2037,153.87,425.01,13.022,2177.8,22.01,346.86,24.48,0.0272,11.66,777.2,11.69,42.86,8,1.859,0
WFR-1987,FAB-BATCH-114,20-08-2026 12:08,1.3101,148.26,456.64,12.594,2143.9,21.88,347.03,22.59,0.0401,12,772.87,12.08,45.2,11,1.873,0
WFR-1988,FAB-BATCH-114,20-08-2026 12:36,1.2851,149.8,443.42,12.8,2283.6,19.63,335.79,23.62,0.0325,12.76,771.94,13.63,45.81,16,1.878,0
WFR-1989,FAB-BATCH-114,20-08-2026 13:04,1.2412,150.11,473.08,12.002,2199.1,23.29,342.15,24,0.0444,11.51,775.69,11.27,46.48,14,1.857,0
WFR-1990,FAB-BATCH-114,20-08-2026 13:32,1.2511,141.36,440.7,12.231,2197.7,21.25,343.83,25.47,0.0555,11.02,774.54,12.58,42.9,18,1.789,0
WFR-1991,FAB-BATCH-114,20-08-2026 14:00,1.2583,149.94,429.73,12.212,2223.5,25.78,361.47,23.85,0.0471,12.23,771.89,10.31,46.97,13,1.762,0
WFR-1992,FAB-BATCH-114,20-08-2026 14:28,1.1683,146.9,444.34,13.215,2238.5,21.86,351.53,24.64,0.0429,11.94,776.59,11.19,47.54,16,1.812,0
WFR-1993,FAB-BATCH-114,20-08-2026 14:56,1.2401,147.78,426.29,12.235,2237.8,24.12,355.3,24.68,0.0656,11.64,776.16,12.96,45.62,13,1.964,0
WFR-1994,FAB-BATCH-114,20-08-2026 15:24,1.2227,156.5,459.01,13.958,2242.9,23.79,338.01,25.54,0.0223,12.33,774.1,11.31,43.44,11,1.986,0
WFR-1995,FAB-BATCH-114,20-08-2026 15:52,1.2099,144.35,425.22,12.802,2174.8,23.47,359.55,25.51,0.0648,12.42,774.27,11.85,44.51,13,1.842,0
WFR-1996,FAB-BATCH-114,20-08-2026 16:20,1.2388,153.66,450.34,11.607,2188.1,27.48,360.41,24.45,0.0435,10.9,776.18,13.09,44.93,13,1.756,0
WFR-1997,FAB-BATCH-114,20-08-2026 16:48,1.3219,148.74,425.07,12.41,2230.8,27.62,334.01,24.12,0.0491,11.67,777.98,11.8,45.41,22,1.842,0
WFR-1998,FAB-BATCH-114,20-08-2026 17:16,1.2756,148.74,446.16,12.044,2178.9,29.52,344.36,23.97,0.0437,13.16,774.29,13.49,45.03,18,2.059,0
WFR-1999,FAB-BATCH-114,20-08-2026 17:44,1.2272,153.56,469.72,10.964,2199.8,24.09,353.97,24.31,0.0685,12.29,776.64,12.76,45.42,19,1.95,0
WFR-2000,FAB-BATCH-114,20-08-2026 18:12,1.2729,151.53,454.33,13.62,2216,30.33,355.16,24.15,0.0352,12.34,776.41,13.02,44.86,8,1.905,0
WFR-2001,FAB-BATCH-114,20-08-2026 18:40,1.306,152.57,439.64,12.992,2231.4,33.76,344.57,24.94,0.0501,12.59,777.2,13.99,45.4,20,1.946,0
WFR-2002,FAB-BATCH-114,20-08-2026 19:08,1.287,154.36,449.63,12.873,2128.9,28.4,347.56,24.84,0.0563,12.01,775.1,12.88,44.31,16,2.004,0
WFR-2003,FAB-BATCH-114,20-08-2026 19:36,1.2524,148.51,450.22,12.616,2228.6,33.64,345.22,24.97,0.0307,12.4,772.72,14.35,44.49,12,1.735,0
WFR-2004,FAB-BATCH-114,20-08-2026 20:04,1.2241,147.24,455.67,11.533,2190.7,29.87,350.88,25.51,,12.36,773.84,13.59,44.14,17,1.811,0
WFR-2005,FAB-BATCH-114,20-08-2026 20:32,1.2779,145.12,433.6,12.161,2228.3,28.21,359.58,25.99,0.0482,12.27,775.86,11.87,47.88,20,1.797,0
WFR-2006,FAB-BATCH-114,20-08-2026 21:00,1.2657,146.29,457.11,13.089,2231.1,30.89,343.83,24.6,0.0394,11.84,779.55,14.05,47.2,9,1.909,0
WFR-2007,FAB-BATCH-114,20-08-2026 21:28,1.2858,163.27,417.55,11.764,2264.3,34.15,358.01,25.38,0.0402,12.09,773.79,12.82,45.83,24,1.866,0
WFR-2008,FAB-BATCH-114,20-08-2026 21:56,,155.6,442.44,10.728,2254.1,30.92,343.75,24.22,,11.71,777.01,12.03,46.99,17,1.926,0
WFR-2009,FAB-BATCH-114,20-08-2026 22:24,1.292,143.92,444.14,12.341,2253.9,31.95,343.22,25.45,0.0578,12.01,774.18,12.83,46.2,10,1.799,0
WFR-2010,FAB-BATCH-114,20-08-2026 22:52,1.2286,144.05,457.6,12.401,2257.7,34.89,356.55,25.35,0.0459,11.42,775.28,13.83,45.27,22,1.987,0
WFR-2011,FAB-BATCH-114,20-08-2026 23:20,1.3027,152.17,450.27,12.595,2211.7,34.26,357.38,25.31,0.0629,11.6,778.79,13.05,42.74,13,1.843,0
WFR-2012,FAB-BATCH-114,20-08-2026 23:48,1.2579,152.46,433.13,13.01,2201.3,35.97,356.81,24.58,,11.86,776.91,14.69,44.61,15,1.919,0
WFR-2013,FAB-BATCH-114,21-08-2026 00:16,1.333,152.47,438.18,12.946,2234.9,35.83,339.47,23.97,0.035,11.53,771.9,13.8,44.5,20,1.97,0
WFR-2014,FAB-BATCH-114,21-08-2026 00:44,1.2224,148.85,452.38,12.681,2229.3,36.86,346.27,23.38,,11.75,773.57,13.13,43.3,17,1.962,0
WFR-2015,FAB-BATCH-114,21-08-2026 01:12,,149.44,449.05,13.337,2187.6,35.59,356.58,24.47,0.0421,11.92,778.14,11.27,42.77,15,1.886,0
WFR-2016,FAB-BATCH-114,21-08-2026 01:40,1.2579,151.48,443.05,11.437,2216.2,37.46,350.33,25.73,0.0343,12.2,775.35,12.28,45.74,8,1.932,0
WFR-2017,FAB-BATCH-114,21-08-2026 02:08,1.2239,150.39,444.23,12.853,2198.6,35.7,341.41,24.25,0.0291,12.47,772.13,12.59,45.49,12,2.024,0
WFR-2018,FAB-BATCH-114,21-08-2026 02:36,1.2306,140.01,458.35,12.939,2165.8,40.68,353.67,25.13,0.0629,11.77,772.95,13.34,43.25,18,1.901,0
WFR-2019,FAB-BATCH-114,21-08-2026 03:04,1.2372,148.97,443.79,11.632,2251.6,37.38,344.28,25.18,0.0459,12.67,776.76,13.26,43.88,15,1.777,0
WFR-2020,FAB-BATCH-114,21-08-2026 03:32,1.267,146.17,448.94,11.448,2202.2,41.46,364.36,24.27,0.047,12.47,777.49,12.7,46.74,16,1.908,0
WFR-2021,FAB-BATCH-114,21-08-2026 04:00,1.2709,150.79,476.04,11.978,2281.9,39.28,362.36,25.55,0.0481,12.25,775.04,12.64,43.68,15,1.846,0
WFR-2022,FAB-BATCH-114,21-08-2026 04:28,1.2271,163.43,432.92,12.037,2135,40.7,354.83,22.17,0.0622,12.08,781.19,13.36,45.26,16,1.615,0
WFR-2023,FAB-BATCH-114,21-08-2026 04:56,1.249,151.65,427.78,13.027,2177.7,39.86,360.89,23.52,0.0478,12.16,777.06,11.47,44.72,13,1.896,0
WFR-2024,FAB-BATCH-114,21-08-2026 05:24,1.3357,148.59,459.4,12.07,2201.3,39.37,350.52,23.77,0.0781,12.59,774.39,14.53,45.76,12,1.862,0
WFR-2025,FAB-BATCH-114,21-08-2026 05:52,1.3191,154.15,441.86,11.901,2245.5,38.46,356.12,23.84,0.0516,12.61,772.96,10.04,43.72,12,1.966,0
WFR-2026,FAB-BATCH-114,21-08-2026 06:20,1.2675,152.17,446.18,12.072,2216,40.39,361.82,24.77,0.0627,12.67,772.56,14.25,45.14,17,1.775,0
WFR-2027,FAB-BATCH-114,21-08-2026 06:48,1.2515,151.89,440.63,13.283,2212.4,42.4,351.96,24.73,0.0597,12.02,775.84,12.45,45.25,17,1.699,0
WFR-2028,FAB-BATCH-114,21-08-2026 07:16,1.2548,152.73,446.88,12.509,2154.9,44.02,347.96,24.82,0.0496,12.28,773.78,13.7,45.35,14,1.867,0
WFR-2029,FAB-BATCH-114,21-08-2026 07:44,1.2745,159.25,469.18,12.375,2153.7,46.17,336.36,24.98,0.043,12.67,779.18,12.94,45.12,6,1.888,1
WFR-2030,FAB-BATCH-114,21-08-2026 08:12,1.2091,144.91,459.63,12.423,2212.9,43.81,349.33,23.74,0.054,11.69,778.67,12.92,45.52,24,1.859,0
WFR-2031,FAB-BATCH-114,21-08-2026 08:40,1.2397,152.13,460.35,13.404,2145.4,43.49,356.59,23.53,0.0561,11.84,776.58,13.17,48.29,16,1.852,0
WFR-2032,FAB-BATCH-114,21-08-2026 09:08,1.1833,145.83,433.01,11.976,2178.7,42.91,357.57,24.82,,12.01,772.05,13.47,48.84,12,1.743,0
WFR-2033,FAB-BATCH-114,21-08-2026 09:36,1.266,152.5,436.19,13.421,2220,47.31,354.03,24,0.052,12.45,773.32,12.11,44.04,10,1.836,0
WFR-2034,FAB-BATCH-114,21-08-2026 10:04,1.2759,145.87,415.93,12.647,2160.7,49.67,345.67,23.24,0.0648,12.46,778.14,13.74,41.52,8,1.815,0
WFR-2035,FAB-BATCH-114,21-08-2026 10:32,,148.12,440.29,12.388,2264.2,49.98,334.19,25.28,0.0748,11.88,773.59,11.2,45.89,20,1.957,0
WFR-2036,FAB-BATCH-114,21-08-2026 11:00,1.313,148.67,461.48,14.251,2249,49.42,346.04,25.62,0.0603,11.25,777.81,12.49,45.28,19,1.888,1
WFR-2037,FAB-BATCH-114,21-08-2026 11:28,1.201,154.39,456.2,11.761,2137.1,49.83,347.57,25.75,0.0724,12.12,776.19,13.5,46.59,15,1.822,0
WFR-2038,FAB-BATCH-114,21-08-2026 11:56,1.1914,154.13,447.34,12.252,2162.7,52.5,347.5,24.65,0.0424,11.54,775.13,13.69,45.43,22,2.022,0
WFR-2039,FAB-BATCH-114,21-08-2026 12:24,1.259,144.39,449.73,11.637,2108.6,50.31,354.95,25,,11.26,773.24,13.05,45.09,17,1.823,0
WFR-2040,FAB-BATCH-114,21-08-2026 12:52,1.2919,150.25,441.73,13.167,2168.7,51.49,365.89,25.6,0.0661,11.37,774.76,12.03,46.69,14,1.906,0
WFR-2041,FAB-BATCH-114,21-08-2026 13:20,1.3174,146.81,452.46,13.682,2230.7,50.11,350.99,23.99,0.0392,12.16,775.47,13.58,46.9,14,1.833,0
WFR-2042,FAB-BATCH-114,21-08-2026 13:48,1.2316,144.34,459.19,13.669,2183.4,48.58,348.27,25.39,0.0442,12.68,777.58,11.7,42.92,13,2.013,0
WFR-2043,FAB-BATCH-114,21-08-2026 14:16,1.2931,149.02,430.61,13.357,2218.4,50.48,347.93,24.72,0.0709,12.02,772.79,14.6,43.78,13,1.859,0
WFR-2044,FAB-BATCH-114,21-08-2026 14:44,1.2485,148.61,453.6,12.362,2139.1,52.38,351,25.23,0.0383,12.11,774.34,12.4,44.84,21,1.862,0
WFR-2045,FAB-BATCH-114,21-08-2026 15:12,1.2431,160.92,461.19,12.244,2231.9,53.07,343.37,24.65,0.0339,12.59,775.11,10.65,45.15,16,1.836,0
WFR-2046,FAB-BATCH-114,21-08-2026 15:40,1.2853,151.95,445.02,11.33,2177.8,57.35,350.96,25.54,0.0683,11.23,776.66,11.07,44.66,15,1.87,0
WFR-2047,FAB-BATCH-114,21-08-2026 16:08,1.2761,143.8,458.41,13.925,2200.5,54.21,353.61,24.68,0.0644,12.26,772.73,12.55,45.65,16,1.97,1
WFR-2048,FAB-BATCH-114,21-08-2026 16:36,1.1869,147.46,483.78,12.828,2196.3,56.96,351.68,23.31,0.0552,11.99,771.71,12.67,46.49,16,1.935,1
WFR-2049,FAB-BATCH-114,21-08-2026 17:04,,154.6,448.75,12.156,2149.1,54.28,353.66,25.66,0.0495,12.28,776.68,14.86,47.58,16,1.853,0
WFR-2050,FAB-BATCH-114,21-08-2026 17:32,1.3052,159.4,454.72,13.43,2153.9,55.08,353.47,23.74,0.0447,11.76,771.21,11.25,45.87,19,2.02,0
WFR-2051,FAB-BATCH-115,21-08-2026 18:00,1.225,142.86,441.14,11.819,2238.7,12.34,335.82,25.5,0.0534,11.59,778.21,12.55,43.72,18,1.937,0
WFR-2052,FAB-BATCH-115,21-08-2026 18:28,1.2658,141.54,452.18,12.785,2216,14.07,355.09,24.43,0.069,12.07,774.61,11.23,44.78,10,1.806,0
WFR-2053,FAB-BATCH-115,21-08-2026 18:56,1.2698,158.42,455.52,12.379,2242,17.15,344.63,25.44,0.0529,12.82,771.13,11.91,44.89,13,1.712,0
WFR-2054,FAB-BATCH-115,21-08-2026 19:24,1.2604,151.75,452.34,12.947,2213,16.67,341.23,25.41,0.076,12.43,773.8,14.52,45.77,16,1.808,0
WFR-2055,FAB-BATCH-115,21-08-2026 19:52,1.228,146.09,437.76,12.455,2205.7,19.09,341.16,24.84,0.0392,11.75,775.95,11.14,45.58,17,1.891,0
WFR-2056,FAB-BATCH-115,21-08-2026 20:20,1.2231,152.41,452.48,11.484,2131,18.11,353.47,24.91,0.0498,11.33,773.67,13.2,48.08,18,1.91,0
WFR-2057,FAB-BATCH-115,21-08-2026 20:48,1.249,138.14,467.55,12.553,2189.2,17.6,348.22,24.84,0.0455,11.16,775.05,12.97,44.31,12,1.986,0
WFR-2058,FAB-BATCH-115,21-08-2026 21:16,1.2969,150.02,455.38,13.234,2198.9,23.15,336.54,22.89,,12.66,776.85,12.47,45.58,10,1.741,0
WFR-2059,FAB-BATCH-115,21-08-2026 21:44,1.2717,151.48,461.54,12.48,2278.1,19.21,353.82,24.59,0.0482,11.52,774.49,13.12,48.53,7,1.806,0
WFR-2060,FAB-BATCH-115,21-08-2026 22:12,1.2352,154.16,447.16,13.043,2227.5,22.28,338.48,23.61,0.055,11.84,772.66,11.11,44.12,17,1.732,0
WFR-2061,FAB-BATCH-115,21-08-2026 22:40,1.2809,145.44,459,11.768,2261.4,19.7,351.12,24.64,0.0563,12.66,774.25,14.49,45.22,16,1.716,0
WFR-2062,FAB-BATCH-115,21-08-2026 23:08,1.1361,150.39,453.35,12.482,2223.9,22.47,351.91,23.59,0.076,11.19,778.54,14.81,43.58,21,1.787,0
WFR-2063,FAB-BATCH-115,21-08-2026 23:36,1.296,145.84,438.59,12.063,2171.5,23.46,357.08,23.55,0.0556,12.75,779.21,12.56,45.12,9,1.887,0
WFR-2064,FAB-BATCH-115,22-08-2026 00:04,1.1804,151.15,453.82,13.023,2204.7,22.57,364.25,25.78,0.0638,11.87,769.95,15.41,43.83,19,1.927,0
WFR-2065,FAB-BATCH-115,22-08-2026 00:32,1.2355,145.97,438.1,12.522,2209.4,17.99,339.08,25.36,0.0508,11.43,777.73,12.02,46.57,11,1.755,0
WFR-2066,FAB-BATCH-115,22-08-2026 01:00,1.2052,148.16,442.41,12.983,2162.4,23.29,349.58,24.5,0.0701,11.88,775.63,12.98,45.22,15,1.769,0
WFR-2067,FAB-BATCH-115,22-08-2026 01:28,1.1982,145.52,452.27,13.261,2184.6,26.26,347.79,24.65,0.0788,11.64,777.31,14.22,43.6,13,1.672,0
WFR-2068,FAB-BATCH-115,22-08-2026 01:56,1.2964,152.93,453.57,12.984,2191.8,25.4,353.47,24.3,0.0564,12.22,773.62,11.95,46.26,13,1.871,0
WFR-2069,FAB-BATCH-115,22-08-2026 02:24,1.2313,153.86,435.73,12.691,2264.2,25.79,351.73,24.96,0.0381,11.68,770.58,10.84,45.27,13,1.777,0
WFR-2070,FAB-BATCH-115,22-08-2026 02:52,1.2639,148.94,462.65,11.801,2116.8,22.01,347.18,23.96,0.0434,11.04,776.46,10.57,46.43,17,2.016,0
WFR-2071,FAB-BATCH-115,22-08-2026 03:20,,150.17,456.86,12.498,2248.2,24.56,346.47,25.29,0.0534,11.89,772.65,14.97,43.28,9,1.891,0
WFR-2072,FAB-BATCH-115,22-08-2026 03:48,1.2691,143.48,441.54,12.127,2162.5,27.37,341.07,24.3,0.0555,11.32,771.53,11.87,45.55,17,1.833,0
WFR-2073,FAB-BATCH-115,22-08-2026 04:16,1.2531,148.65,431.55,12.259,2145.1,27.92,357.9,24.16,0.0584,12.1,771.7,12.28,46.16,11,1.786,0
WFR-2074,FAB-BATCH-115,22-08-2026 04:44,1.1987,149.77,448.26,12.238,2247.2,30.08,353.67,24.52,0.0555,11.41,776.5,11.16,44.36,14,1.701,0
WFR-2075,FAB-BATCH-115,22-08-2026 05:12,1.2899,161.79,444.65,11.814,2229.3,27.91,357.34,24.03,0.0501,11.76,775.35,13.64,43.11,9,1.713,0
WFR-2076,FAB-BATCH-115,22-08-2026 05:40,1.2302,145,451.36,11.13,2250.2,29.56,347.52,24.76,0.0424,12.09,776.96,11.56,44.94,13,1.788,0
WFR-2077,FAB-BATCH-115,22-08-2026 06:08,1.1877,156.59,445.64,12.032,2232,29.33,344.75,24.07,0.0548,11.89,776.67,11.91,46.84,19,1.78,0
WFR-2078,FAB-BATCH-115,22-08-2026 06:36,1.2329,154.49,425.91,12.635,2282.4,27.88,341.37,24.87,0.0723,12.13,773.95,12.86,46.69,16,1.75,0
WFR-2079,FAB-BATCH-115,22-08-2026 07:04,1.31,151.26,445.34,11.556,2222.3,25.89,352.87,25.47,0.0622,12.34,774.82,11.22,44.36,15,1.888,0
WFR-2080,FAB-BATCH-115,22-08-2026 07:32,1.284,157.91,446.33,12.511,2193.7,31.81,341.68,23.92,0.0564,11.42,773.72,12.29,43.08,15,1.901,0
WFR-2081,FAB-BATCH-115,22-08-2026 08:00,1.2361,151.67,457.6,13.83,2213.7,31.85,364.79,24.4,0.0624,11.97,774.47,14.18,44.35,12,1.804,0
WFR-2082,FAB-BATCH-115,22-08-2026 08:28,1.236,151.75,441.62,13.216,2249.7,30.81,339.54,24.87,0.0455,10.34,772.58,13.01,44.3,10,2.044,0
WFR-2083,FAB-BATCH-115,22-08-2026 08:56,1.2371,149.76,470.14,13.65,2168.8,29.36,352.19,24.15,0.0439,12.12,775.98,12.66,45.67,14,1.675,0
WFR-2084,FAB-BATCH-115,22-08-2026 09:24,1.3331,155.51,427.06,12.774,2173.9,34.41,362.53,24.87,0.041,11.85,777.69,12.76,44.84,27,1.856,0
WFR-2085,FAB-BATCH-115,22-08-2026 09:52,1.2653,154.93,465.73,13.317,2187.6,33.17,354.79,24.94,0.0485,11.51,772.96,12.03,43.87,21,1.828,0
WFR-2086,FAB-BATCH-115,22-08-2026 10:20,1.2672,147.18,447.31,11.993,2115.8,35.36,351.41,25.37,0.0449,12.16,778.2,14.9,46.66,15,1.795,0
WFR-2087,FAB-BATCH-115,22-08-2026 10:48,1.2912,144.06,460.32,12.049,2205.5,38.53,342.25,24.02,0.0645,12.59,775.28,11.53,45.21,15,1.78,0
WFR-2088,FAB-BATCH-115,22-08-2026 11:16,1.2596,149.09,450.96,10.583,2124.6,31.07,338.95,23.75,0.0443,11.76,775.6,12.75,45.65,13,1.849,0
WFR-2089,FAB-BATCH-115,22-08-2026 11:44,1.2396,146.4,463.67,13.33,2202.1,34.5,356.16,24.25,0.0404,11.53,770.75,12.64,42.41,13,1.827,1
WFR-2090,FAB-BATCH-115,22-08-2026 12:12,1.2421,149.71,445.35,13.578,2234.6,36.03,362.05,23.73,0.0733,12.08,770.48,13.71,41.36,9,1.811,0
WFR-2091,FAB-BATCH-115,22-08-2026 12:40,1.2471,155.57,436.82,12.113,2180.9,39.91,346.49,24.95,0.0446,11.33,775.36,13.82,42.84,14,1.72,0
WFR-2092,FAB-BATCH-115,22-08-2026 13:08,1.2485,147.94,467.05,12.322,2267.1,34.28,340.89,23.57,0.0518,11.67,776.97,12.46,44.28,11,1.688,0
WFR-2093,FAB-BATCH-115,22-08-2026 13:36,1.2791,149.81,448.64,11.972,2141.6,41.97,330.33,26.37,0.0554,12.61,773.32,12.85,45.86,16,1.821,0
WFR-2094,FAB-BATCH-115,22-08-2026 14:04,1.2521,150.26,452.66,12.768,2247.7,38.92,342.15,25.54,0.0364,12.03,779.18,12.89,41.49,14,1.81,0
WFR-2095,FAB-BATCH-115,22-08-2026 14:32,1.2793,153.82,464.82,13.287,2227,39.01,349.09,24.51,0.0648,11.06,776.84,9.77,47.39,11,1.83,0
WFR-2096,FAB-BATCH-115,22-08-2026 15:00,1.2468,139.89,437.62,11.28,2131.4,39.35,362.79,25.19,0.0576,11.1,772.73,10.59,45.26,24,1.839,0
WFR-2097,FAB-BATCH-115,22-08-2026 15:28,1.2531,147.27,457.15,12.787,2308.4,39.43,355.39,23.19,0.0687,12.08,775.08,11.77,47.04,20,1.798,0
WFR-2098,FAB-BATCH-115,22-08-2026 15:56,1.1701,150.95,442.92,12.306,2197.5,42.95,352.44,26.52,0.0418,12.43,781.19,11.83,43.67,22,1.829,0
WFR-2099,FAB-BATCH-115,22-08-2026 16:24,1.2867,155.4,448.41,12.579,2164.9,39.26,346.8,24.03,0.0512,11.19,771.89,11.06,45.76,14,1.765,0
WFR-2100,FAB-BATCH-115,22-08-2026 16:52,1.2639,147.79,450.87,12.821,2143.7,42.64,345.33,24.4,0.0505,12.22,776.32,13.4,45.13,18,2.002,0
WFR-2101,FAB-BATCH-115,22-08-2026 17:20,1.2899,141.56,432,12.368,2191.2,41.73,361.25,23.02,0.0532,12.67,774.19,12.5,46.23,15,1.77,0
WFR-2102,FAB-BATCH-115,22-08-2026 17:48,1.1341,152.79,440.65,12.427,2194.9,41.53,351.61,24.89,0.0325,12.94,776.77,12.24,44.65,13,1.813,0
WFR-2103,FAB-BATCH-115,22-08-2026 18:16,1.3335,147.14,466.21,12.35,2204.1,48.77,333.18,23.61,0.0513,12.17,778.17,10.99,45.71,16,1.778,0
WFR-2104,FAB-BATCH-115,22-08-2026 18:44,1.2444,144.65,460.63,13.179,2188.1,44.99,344.61,24.58,0.0329,12.25,774.03,12.45,46.65,18,1.776,0
WFR-2105,FAB-BATCH-115,22-08-2026 19:12,1.2943,147.19,449.25,12.793,2225.3,45.93,343.13,24.06,0.0543,10.93,777.8,9.35,44.02,18,1.852,0
WFR-2106,FAB-BATCH-115,22-08-2026 19:40,1.2084,149.17,452.92,12.654,2184.5,47.53,345.63,23.64,0.0245,13.05,780.55,12.3,45.36,18,1.84,0
WFR-2107,FAB-BATCH-115,22-08-2026 20:08,1.2745,147.28,446.47,11.61,2122.6,42.96,354.5,23.86,0.0278,11.71,775.17,12.58,42.17,18,1.804,0
WFR-2108,FAB-BATCH-115,22-08-2026 20:36,1.2079,140.07,466.28,12.235,2194,49.85,349.14,24.68,0.0598,11.53,776.96,12.79,46.05,14,1.822,1
WFR-2109,FAB-BATCH-115,22-08-2026 21:04,1.225,154.04,447.6,13.129,2105.3,41.88,349.39,23.47,0.0434,11.87,773.52,10.62,47.93,5,1.778,0
WFR-2110,FAB-BATCH-115,22-08-2026 21:32,1.3266,155.74,452.78,12.526,2214.2,45.91,360.51,23.9,0.0381,12.76,775.05,12.77,43.13,16,1.89,0
WFR-2111,FAB-BATCH-115,22-08-2026 22:00,1.2424,152.93,463.75,12.962,2160.8,47.08,344.43,25.03,0.0653,13.1,774.56,11.25,44.86,14,2.056,1
WFR-2112,FAB-BATCH-115,22-08-2026 22:28,1.2587,144.88,440.67,13.737,2206.5,49.71,364.91,26.58,0.0539,12.06,776.99,11.53,46.32,15,1.763,0
WFR-2113,FAB-BATCH-115,22-08-2026 22:56,1.2848,149.09,468.71,13.227,2252.6,49.54,344.63,24.88,0.0605,12.5,778.01,13.36,45.05,14,1.889,0
WFR-2114,FAB-BATCH-115,22-08-2026 23:24,1.2698,149.97,431.63,12.565,2162.1,49.32,350.71,23.77,0.048,12.02,774.73,14.92,45.25,15,1.854,0
WFR-2115,FAB-BATCH-115,22-08-2026 23:52,1.256,152.69,469.56,12.142,2242.5,50.18,347.75,24.21,0.0822,11.48,778.83,12.56,44.41,11,1.917,0
WFR-2116,FAB-BATCH-115,23-08-2026 00:20,1.2646,153.01,445.53,10.713,2182.7,48.79,350.99,24.53,0.0427,12.74,778.83,11.52,44.36,17,1.92,0
WFR-2117,FAB-BATCH-115,23-08-2026 00:48,1.3461,,447.09,12.382,2270.1,48.31,353.56,24.22,0.0709,11.69,777.12,12.73,44.87,15,1.871,0
WFR-2118,FAB-BATCH-115,23-08-2026 01:16,,150.37,427.32,12.272,2185.4,53.3,353.47,25.22,0.0493,12.77,773.71,13.63,45.06,20,1.846,0
WFR-2119,FAB-BATCH-115,23-08-2026 01:44,1.258,152.06,444.54,12.773,2166.4,53.79,343.98,24.67,0.0301,12.65,773.47,13.25,43.23,13,1.807,0
WFR-2120,FAB-BATCH-115,23-08-2026 02:12,1.292,156.55,437.52,12.392,2227.5,56.12,341.02,25.23,0.0558,12.31,772.97,15.79,44.9,19,1.774,0
WFR-2121,FAB-BATCH-115,23-08-2026 02:40,1.2942,153.17,442.71,12.276,2182.6,51.92,370.03,24.25,0.0538,12.91,777.37,11.64,47.35,13,1.84,0
WFR-2122,FAB-BATCH-115,23-08-2026 03:08,1.2975,153.55,448.35,11.254,2166.3,55.44,346.13,25.56,0.0374,13.12,771.97,12.8,44.37,18,1.722,1
WFR-2123,FAB-BATCH-115,23-08-2026 03:36,1.2755,150.38,461.49,11.842,2180.9,54.03,355.59,24.37,0.0389,11.91,776.69,14.36,43.14,25,1.791,0
WFR-2124,FAB-BATCH-115,23-08-2026 04:04,1.2043,156.35,452.49,12.834,2198.2,57.53,337.14,23.72,0.0497,11.6,772.3,14.28,44.77,11,1.961,1
WFR-2125,FAB-BATCH-115,23-08-2026 04:32,1.3153,151.84,453.69,13.701,2253.7,57.74,347.76,26.24,0.0542,11.07,777.06,10.16,43.93,12,1.86,0
WFR-2126,FAB-BATCH-116,23-08-2026 05:00,1.2041,146.13,436.85,12.432,2122.6,15.42,348.98,23.04,0.0204,13.12,775.04,12.5,42.99,21,1.939,0
WFR-2127,FAB-BATCH-116,23-08-2026 05:28,1.2621,156.32,439.43,12.729,2200.9,14.87,353.78,23.91,0.0626,11.78,778.33,14.28,45.21,16,1.997,0
WFR-2128,FAB-BATCH-116,23-08-2026 05:56,1.2198,153.14,471.58,13.167,2225,18.02,328.22,24,0.0441,12.57,777.85,15.97,43.93,12,1.832,0
WFR-2129,FAB-BATCH-116,23-08-2026 06:24,1.2474,148.01,441.18,11.932,2207.7,17.94,351.33,26.51,0.034,11.63,778.59,13.34,44.06,14,1.871,0
WFR-2130,FAB-BATCH-116,23-08-2026 06:52,,147.84,469.87,12.757,2252.4,15.83,340.8,25.95,0.0613,12.77,778.65,12.06,45.23,13,1.82,0
WFR-2131,FAB-BATCH-116,23-08-2026 07:20,1.2629,151.33,447.08,11.982,2197,15.09,352.59,25.7,0.0497,11.65,775.36,11.29,42.7,11,1.769,0
WFR-2132,FAB-BATCH-116,23-08-2026 07:48,1.2669,152.08,450.03,13.105,2192.6,17.72,341.71,24.24,0.0646,11.4,772.1,15.16,42.39,17,1.755,0
WFR-2133,FAB-BATCH-116,23-08-2026 08:16,1.3145,150.89,462.84,12.606,2223.7,21.88,343.16,26.44,0.0553,11.9,772.37,13.37,46.01,8,1.934,0
WFR-2134,FAB-BATCH-116,23-08-2026 08:44,1.2681,151.4,465.26,12.709,2204,21.69,347.81,24.79,0.05,11.73,769.78,11.48,42.1,16,1.871,0
WFR-2135,FAB-BATCH-116,23-08-2026 09:12,1.2402,157.65,448.67,11.952,2184.4,17.73,341.58,25.28,0.0482,12.3,772.29,12.26,43.53,14,2.035,0
WFR-2136,FAB-BATCH-116,23-08-2026 09:40,1.2886,154.82,445.34,12.995,2220.6,18.16,346.2,24.64,,11.97,775.17,12.87,42.3,10,1.947,0
WFR-2137,FAB-BATCH-116,23-08-2026 10:08,1.2976,150.86,449.33,13.959,2173.9,23.6,340.45,24.46,0.045,12.31,773.6,13.15,44.27,25,1.777,0
WFR-2138,FAB-BATCH-116,23-08-2026 10:36,1.2009,154.24,454.06,11.794,2175.6,19.33,335.33,24.3,0.0398,11.85,774.55,11.42,45.64,15,1.934,0
WFR-2139,FAB-BATCH-116,23-08-2026 11:04,1.2739,145.35,460.7,12.262,2178.9,23.17,358.14,24.33,0.0573,11.67,776.23,11.76,45.17,6,1.819,0
WFR-2140,FAB-BATCH-116,23-08-2026 11:32,1.278,151.79,450.05,12.662,2254.1,21.47,339.63,24.99,0.0483,11.71,774.24,10.52,48.59,13,1.972,0
WFR-2141,FAB-BATCH-116,23-08-2026 12:00,1.2381,158.14,457.43,13.05,2071.2,26.48,348.57,24.79,0.0504,13.02,772.2,13.75,46.63,18,1.801,0
WFR-2142,FAB-BATCH-116,23-08-2026 12:28,1.305,149.02,469.66,12.108,2215.8,22.26,356.02,24.47,0.0631,12.11,774.87,12.09,43.6,9,1.745,0
WFR-2143,FAB-BATCH-116,23-08-2026 12:56,1.244,146.19,454.58,10.517,2201.4,26.64,345.08,25.71,0.0486,11.01,772.75,13.06,43.2,14,1.77,0
WFR-2144,FAB-BATCH-116,23-08-2026 13:24,1.255,147.07,453.74,13.451,2132.8,25.27,343.4,22.13,0.0502,11.74,774.32,14.21,49.06,15,1.776,0
WFR-2145,FAB-BATCH-116,23-08-2026 13:52,1.2431,145.1,431.77,13.032,2212.4,25.95,351.81,24.91,0.0428,12.05,778.36,12.76,46.59,15,1.766,0
WFR-2146,FAB-BATCH-116,23-08-2026 14:20,1.2506,146.47,418.43,11.28,2219,22.06,358.94,25.07,0.0552,12.92,774.32,12.36,45.88,14,1.793,0
WFR-2147,FAB-BATCH-116,23-08-2026 14:48,1.2061,148.33,454.66,12.075,2223.6,22.14,340.65,25.42,0.0542,12.51,779.43,12.73,45.11,7,1.936,0
WFR-2148,FAB-BATCH-116,23-08-2026 15:16,1.1924,143.67,448.86,13.598,2093.9,26.66,348.8,24.45,0.0608,11.54,778.58,12.58,45.41,13,2.03,0
WFR-2149,FAB-BATCH-116,23-08-2026 15:44,1.3138,150.07,443.82,13.513,2254.7,28.14,336.14,24.67,0.0431,13.21,773.55,14,42.78,22,1.717,0
WFR-2150,FAB-BATCH-116,23-08-2026 16:12,1.2161,154.06,452.92,13.157,2170.5,25.95,346.85,25.29,0.0445,11.98,772.22,12.87,45.24,12,1.976,0
WFR-2151,FAB-BATCH-116,23-08-2026 16:40,1.2103,145.92,449.28,12.377,2227.5,26.57,350.27,25.69,0.0595,12.62,774.87,11.85,45.11,13,1.802,0
WFR-2152,FAB-BATCH-116,23-08-2026 17:08,1.1639,156.84,463.53,12.558,2229.6,30.42,343.16,24.26,0.053,11.42,777.88,13.76,43.64,12,1.885,0
WFR-2153,FAB-BATCH-116,23-08-2026 17:36,1.2244,152.3,451.03,12.408,2164.9,30.98,346.34,24.71,0.0391,10.8,773.77,13.98,44.19,7,1.685,0
WFR-2154,FAB-BATCH-116,23-08-2026 18:04,1.1971,154.64,441.04,13.29,2226.4,30.12,338.73,25.84,0.0657,11.3,777.27,10.89,47.27,11,1.902,0
WFR-2155,FAB-BATCH-116,23-08-2026 18:32,1.3157,147.04,461.88,11.887,2184.6,32.51,350.62,22.8,0.0296,10.37,778.02,14.34,44.81,17,1.649,0
WFR-2156,FAB-BATCH-116,23-08-2026 19:00,1.2904,153.85,447.39,11.936,2117.1,29.15,358.45,23.95,0.0594,13.06,773.06,12.94,48.11,18,1.881,0
WFR-2157,FAB-BATCH-116,23-08-2026 19:28,1.2225,145.09,456.32,13.207,2246.7,31.34,341.22,25.67,0.0348,12.11,773.31,12.84,42.39,21,1.876,0
WFR-2158,FAB-BATCH-116,23-08-2026 19:56,1.3401,154.01,444.27,12.469,2169,35.9,345.02,25.37,0.0726,11.54,776.78,13.71,44.22,11,1.869,0
WFR-2159,FAB-BATCH-116,23-08-2026 20:24,1.2893,150.77,442.2,13.465,2165.8,33.29,354.02,24.92,0.0315,12.23,775.38,11.82,42.68,13,1.777,0
WFR-2160,FAB-BATCH-116,23-08-2026 20:52,1.237,152.49,451.01,12.03,2183.9,33.95,359.7,24.14,0.0638,12.09,773.28,13.64,43.19,11,1.905,0
WFR-2161,FAB-BATCH-116,23-08-2026 21:20,1.15,144.71,450.15,12.462,2210.9,38.86,338.05,23.79,0.049,12.31,774.12,12.05,43.76,15,1.889,0
WFR-2162,FAB-BATCH-116,23-08-2026 21:48,1.3416,145.97,455.76,11.854,2197.7,32,348.65,24.03,0.0456,12.6,774.82,10.73,45.47,14,1.829,0
WFR-2163,FAB-BATCH-116,23-08-2026 22:16,1.1944,152.69,446.78,12.505,2221.9,36.94,352.27,25.74,0.0522,11.86,771.09,11.3,45.4,17,1.917,0
WFR-2164,FAB-BATCH-116,23-08-2026 22:44,1.1842,145.73,427.96,11.465,2146.4,39.23,349.18,24,0.0576,11.56,776.91,13.18,43.98,12,1.84,0
WFR-2165,FAB-BATCH-116,23-08-2026 23:12,1.2909,152.08,444.81,12.159,2170.3,35.8,330.19,24.58,0.0391,12.41,773.8,11.37,41.66,16,1.903,0
WFR-2166,FAB-BATCH-116,23-08-2026 23:40,1.3476,143.85,459.53,11.495,2195.4,38.72,354.01,23.9,0.0402,12.4,768.04,14.43,47.22,13,1.837,0
WFR-2167,FAB-BATCH-116,24-08-2026 00:08,1.3054,153.82,446.43,12.986,2275.9,35.59,362.15,25.17,0.0578,12.05,774.94,13.93,44.57,22,1.872,0
WFR-2168,FAB-BATCH-116,24-08-2026 00:36,1.2726,144.45,447.04,13.002,2195.4,36.73,350.93,24.07,,13.09,773.15,14.1,43.33,19,1.907,0
WFR-2169,FAB-BATCH-116,24-08-2026 01:04,1.2738,152.49,461.84,11.289,2243.4,39.42,341.75,24.42,0.043,11.78,779.22,12.65,45.41,18,1.81,0
WFR-2170,FAB-BATCH-116,24-08-2026 01:32,1.2841,152.82,441.46,13.434,2201.5,40.8,345.89,23.15,0.0865,11.55,773.54,12.81,45.31,11,1.727,0
WFR-2171,FAB-BATCH-116,24-08-2026 02:00,1.2804,146.86,431.49,14.248,2180.7,41.99,364.16,23.21,0.0384,12.21,772.26,11.07,44.52,15,1.878,0
WFR-2172,FAB-BATCH-116,24-08-2026 02:28,1.2612,152.62,448.07,12.532,2190.1,43.44,357.28,24.51,0.0638,11.66,776.27,13.69,45.22,17,1.969,0
WFR-2173,FAB-BATCH-116,24-08-2026 02:56,1.2542,151.17,444.19,12.051,2193.3,40.72,355.12,23.44,0.043,12.25,773.35,12.96,43.27,10,1.88,0
WFR-2174,FAB-BATCH-116,24-08-2026 03:24,1.2475,147.58,438.41,14.477,2224.1,43.79,352.85,26.18,0.0561,11.58,773.05,13.18,46.14,16,1.882,0
WFR-2175,FAB-BATCH-116,24-08-2026 03:52,1.2198,145.46,447.9,11.577,2255,41.27,344.71,22.85,0.0579,11.8,776.27,14.53,43.5,20,1.846,0
WFR-2176,FAB-BATCH-116,24-08-2026 04:20,1.2388,141.17,455.9,12.514,2214.4,44.3,348.4,23.86,0.0635,12.95,772.4,11.77,44.09,9,1.924,0
WFR-2177,FAB-BATCH-116,24-08-2026 04:48,1.1823,151.57,449.89,12.626,2247.5,43.46,349.38,24.51,0.0476,11.8,771.36,12.35,45.97,15,1.831,0
WFR-2178,FAB-BATCH-116,24-08-2026 05:16,1.2461,142.96,453.68,13.442,2161.4,44.49,354.4,24.21,0.0739,11.6,779.31,12.89,46.81,14,1.805,0
WFR-2179,FAB-BATCH-116,24-08-2026 05:44,1.2105,150.43,471.76,12.752,2183.4,45,362.07,23.62,0.0429,12.59,776.45,11.38,47.38,19,1.961,0
WFR-2180,FAB-BATCH-116,24-08-2026 06:12,1.2059,148.81,445.89,12.151,2171,41.49,358.95,23.73,0.0528,11.47,774.34,12.27,46.58,12,1.797,0
WFR-2181,FAB-BATCH-116,24-08-2026 06:40,1.2572,153.06,453.34,11.834,2212.6,43,338.64,23.71,0.0529,11.65,774.99,13.09,44.51,11,1.939,0
WFR-2182,FAB-BATCH-116,24-08-2026 07:08,1.3057,148.64,443.89,12.261,2185.6,46.01,351.79,24.27,0.0365,12.29,776.26,12.11,42.69,19,1.961,0
WFR-2183,FAB-BATCH-116,24-08-2026 07:36,1.2867,148.52,439.84,11.795,2229.2,42.98,355.89,26.06,0.0466,12.47,777.43,14.07,47.11,18,1.907,0
WFR-2184,FAB-BATCH-116,24-08-2026 08:04,1.1872,153.29,442.98,12.533,2162.8,48.56,354.95,24.56,0.0519,12.61,773.11,10.69,47.06,13,1.725,0
WFR-2185,FAB-BATCH-116,24-08-2026 08:32,1.2104,151.51,444.25,12.105,2201.7,49.19,344.97,25.45,0.0448,11.63,775.92,13.85,43.99,14,1.853,0
WFR-2186,FAB-BATCH-116,24-08-2026 09:00,1.2876,151.42,454.31,11.454,2227.5,48.65,373.31,24.91,0.0793,12.3,773.73,13.29,46.38,21,1.83,0
WFR-2187,FAB-BATCH-116,24-08-2026 09:28,1.2107,152.11,478.19,13.379,2117.4,46.31,339.78,25.39,0.0399,11.77,774.53,11.82,44.5,20,1.8,1
WFR-2188,FAB-BATCH-116,24-08-2026 09:56,1.241,143.09,441.41,12.152,2284.9,51.86,341.33,22.26,0.0642,11.7,775.4,11.39,47.25,8,1.864,0
WFR-2189,FAB-BATCH-116,24-08-2026 10:24,1.272,153.41,445,11.612,2188.7,53.72,351.87,24.26,0.0603,12.6,774.98,10,44.23,20,1.927,0
WFR-2190,FAB-BATCH-116,24-08-2026 10:52,1.2113,152.76,449.24,12.382,2119,50.49,366.93,25.55,0.0498,11.73,776.84,11.55,47.97,9,1.804,0
WFR-2191,FAB-BATCH-116,24-08-2026 11:20,1.2542,145.42,454.75,12.548,2206.3,51.77,343.31,24.04,0.0396,12.14,776.22,13.76,46.18,11,1.833,0
WFR-2192,FAB-BATCH-116,24-08-2026 11:48,1.1966,148.9,453.16,11.277,2201.3,51.7,347.87,25.91,0.0408,12.08,771.23,12.43,47.7,13,1.826,0
WFR-2193,FAB-BATCH-116,24-08-2026 12:16,1.2259,149.82,465.41,12.732,2196.7,52.91,358.62,25.69,0.0438,11.46,771.61,13.9,44.3,19,1.966,0
WFR-2194,FAB-BATCH-116,24-08-2026 12:44,1.2628,149.39,420.88,11.767,2239.6,52.16,349.86,24.12,,12.48,774.08,11.76,45.61,17,1.824,0
WFR-2195,FAB-BATCH-116,24-08-2026 13:12,1.1863,151.5,421.36,13.698,2229.9,52.88,347.32,24.1,0.038,12.28,779.57,13.35,43.55,13,1.727,0
WFR-2196,FAB-BATCH-116,24-08-2026 13:40,1.2676,156.44,444.05,12.867,2211.9,55.31,354.53,23.69,0.0322,11.01,772.87,11.64,46.27,18,1.693,0
WFR-2197,FAB-BATCH-116,24-08-2026 14:08,1.2492,154.87,463.17,12.22,2218,58.74,352.18,24,0.0662,12.14,774.48,11.34,46.35,13,1.886,0
WFR-2198,FAB-BATCH-116,24-08-2026 14:36,1.2721,144.1,431.21,11.978,2195.8,51.8,358.24,23.51,0.0574,11.61,773.66,12.37,48.6,16,1.774,0
WFR-2199,FAB-BATCH-116,24-08-2026 15:04,1.259,152.8,413.91,12.427,2271,54.94,360.33,24.84,0.0594,12.55,773.61,11.7,45.72,14,1.917,0
WFR-2200,FAB-BATCH-116,24-08-2026 15:32,1.3046,155.98,456.85,12.929,2140.8,53.34,352.46,23.34,0.0571,11.28,775.45,10.65,46.09,15,1.717,0
WFR-2201,FAB-BATCH-117,24-08-2026 16:00,1.255,151.74,452.92,12.482,2205.6,18.18,352.33,24.98,0.052,11.82,778.5,12.28,44.29,16,1.796,0
WFR-2202,FAB-BATCH-117,24-08-2026 16:28,1.2328,154.91,436.92,12.348,2202.6,14.37,351.71,25,0.0675,12.18,776.14,12.63,45.81,17,1.717,0
WFR-2203,FAB-BATCH-117,24-08-2026 16:56,1.2549,159.06,438.17,12.541,2232.5,13.21,353.91,23.17,0.0427,12.03,772.99,14.02,44.43,16,1.893,0
WFR-2204,FAB-BATCH-117,24-08-2026 17:24,1.2717,154.61,438.36,12.077,2166.2,17.93,350.44,25.74,0.0513,12.38,781.88,13.62,45.17,7,1.915,0
WFR-2205,FAB-BATCH-117,24-08-2026 17:52,1.252,151.12,451.33,12.26,2130.3,20.69,350,24.91,0.059,11.24,775.2,13.96,45.26,18,1.884,0
WFR-2206,FAB-BATCH-117,24-08-2026 18:20,1.2516,154.7,442.48,11.04,2206.3,19.08,359.57,25.1,0.0341,12.83,773.56,13.36,44.47,16,1.741,0
WFR-2207,FAB-BATCH-117,24-08-2026 18:48,1.2219,150.65,455.93,13.182,2211.2,18.71,362.13,23.89,0.0872,12.26,778.53,12.9,45.09,11,1.775,0
WFR-2208,FAB-BATCH-117,24-08-2026 19:16,1.2235,150.11,415.74,12.709,2259.6,19.67,337.94,25,0.0503,12.68,773.83,11.03,44.44,17,1.873,0
WFR-2209,FAB-BATCH-117,24-08-2026 19:44,1.1939,148.42,439.72,11.959,2149.2,22.23,350.08,25.4,0.0517,12.44,779.16,12.68,44.43,20,1.681,0
WFR-2210,FAB-BATCH-117,24-08-2026 20:12,1.32,157.04,436.49,13.829,2246.2,18.2,344.49,24.42,0.0651,11.99,772.82,13.22,46.61,19,1.826,0
WFR-2211,FAB-BATCH-117,24-08-2026 20:40,1.2002,146.32,446.92,12.561,2294.7,20.28,347.51,26.1,0.061,11.36,778.58,14.25,45.26,9,2.002,0
WFR-2212,FAB-BATCH-117,24-08-2026 21:08,1.2223,156.9,443.54,11.775,2184.9,20.14,353.22,24.54,0.0505,11.72,775.5,13.32,45.52,11,1.832,0
WFR-2213,FAB-BATCH-117,24-08-2026 21:36,1.2213,152.25,459.57,13.1,2148.4,19.26,355.36,25.41,0.0516,12.79,778.23,13.99,42.81,14,1.701,0
WFR-2214,FAB-BATCH-117,24-08-2026 22:04,1.2858,143.7,427.69,12.779,2183.7,21.49,349.1,24.73,0.032,12.69,779.75,11.26,45.64,13,1.789,0
WFR-2215,FAB-BATCH-117,24-08-2026 22:32,1.2382,151.65,450.55,12.776,2200.6,24.92,334.69,24.97,0.0433,11.69,772.17,12.11,45.8,12,1.787,0
WFR-2216,FAB-BATCH-117,24-08-2026 23:00,1.2999,140.55,456.7,12.202,2222.6,24.38,342.28,23.16,0.0562,10.59,778.19,13.02,44.4,15,2.064,0
WFR-2217,FAB-BATCH-117,24-08-2026 23:28,1.2231,152.81,472.28,12.815,2176.3,25.09,357.17,24.8,0.0553,11.89,771.48,13.89,48.13,14,2.017,0
WFR-2218,FAB-BATCH-117,24-08-2026 23:56,1.2612,153.98,444.22,12.317,2262.2,24.64,328.08,23.91,0.0647,11.86,772.38,12.33,41.57,12,1.923,0
WFR-2219,FAB-BATCH-117,25-08-2026 00:24,1.2166,147.33,453.89,12.889,2155.4,25.95,359.5,23.82,0.0486,11.88,772.99,12.4,46.18,17,1.816,0
WFR-2220,FAB-BATCH-117,25-08-2026 00:52,1.3358,150.56,428.35,11.167,2130.4,23.85,354.17,25.9,0.0334,12.26,776.26,13.32,46.07,19,1.97,0
WFR-2221,FAB-BATCH-117,25-08-2026 01:20,1.2025,158.79,421.3,12.196,2244.3,25.38,360.53,24.33,0.0627,12.44,775.08,11.15,45.81,16,1.737,0
WFR-2222,FAB-BATCH-117,25-08-2026 01:48,1.2624,147.72,460.14,13.706,2109,26.93,348.41,23.7,0.0672,12.5,774.58,14.43,45.26,18,1.958,0
WFR-2223,FAB-BATCH-117,25-08-2026 02:16,1.2754,145.23,449.93,11.963,2191.8,27.66,333.51,24.21,0.0608,12.22,775.37,11.45,45.83,8,1.943,0
WFR-2224,FAB-BATCH-117,25-08-2026 02:44,1.2666,156.67,464.14,12.077,2324.7,28.29,353.44,23.46,0.048,11.1,776.48,10.2,46.3,9,1.835,0
WFR-2225,FAB-BATCH-117,25-08-2026 03:12,1.2426,158.83,433.52,12.186,2199.5,27.92,360.2,25.65,0.0625,11.83,776.67,12.51,43.91,14,1.964,0
WFR-2226,FAB-BATCH-117,25-08-2026 03:40,1.2448,150.02,456.24,11.65,2155.2,28,357.4,23.94,0.0911,13.15,777.74,14.54,45.45,20,1.805,0
WFR-2227,FAB-BATCH-117,25-08-2026 04:08,1.2518,154.55,472.43,10.954,2197.7,35.62,344.7,24.92,0.0514,12.19,779.55,13.2,44.73,17,1.723,0
WFR-2228,FAB-BATCH-117,25-08-2026 04:36,1.2441,156.04,455.04,12.339,2198,31.66,350.69,25.58,0.0343,12.18,774.95,13.4,43.36,13,1.948,0
WFR-2229,FAB-BATCH-117,25-08-2026 05:04,1.2886,146.66,453.32,12.595,2206.4,31.23,345.74,24.1,0.043,12.18,773.7,12.55,46.08,10,1.841,0
WFR-2230,FAB-BATCH-117,25-08-2026 05:32,,147.82,450.1,12.463,2226.5,30.48,343.45,24.93,0.0575,12.21,776.53,12.32,44.15,17,1.91,0
WFR-2231,FAB-BATCH-117,25-08-2026 06:00,1.2277,155.54,431.15,12.399,2158.4,30.6,357.64,23.68,0.0307,10.81,772.14,10.65,42.75,17,2.032,0
WFR-2232,FAB-BATCH-117,25-08-2026 06:28,1.1952,157.58,466.27,12.53,2267.5,31.79,340.42,26.46,0.052,11.88,773.3,9.79,44.19,17,1.778,0
WFR-2233,FAB-BATCH-117,25-08-2026 06:56,1.2465,152.53,442.67,13.216,2209.8,33.19,342.85,25.25,,11.98,777.5,12.74,43.8,16,1.836,0
WFR-2234,FAB-BATCH-117,25-08-2026 07:24,1.3532,146.04,456.05,12.367,2229.1,29.39,341.17,24.35,0.0684,12.64,774.69,14.08,46.54,11,2.007,0
WFR-2235,FAB-BATCH-117,25-08-2026 07:52,1.2179,158.94,431.24,12.098,2174.9,30.56,338.08,23.88,0.0657,12.02,771.98,12.91,45.23,19,1.917,0
WFR-2236,FAB-BATCH-117,25-08-2026 08:20,1.3156,147.61,435.85,12.303,2251.5,32.98,351.17,24.41,0.0604,11.18,771.28,13.25,47.07,14,1.78,0
WFR-2237,FAB-BATCH-117,25-08-2026 08:48,1.3171,,467.22,12.906,2189.7,35.21,359.29,24.23,0.024,12.22,775.12,14.4,44,13,1.754,0
WFR-2238,FAB-BATCH-117,25-08-2026 09:16,1.2279,151.54,445.83,13.488,2211.1,34.87,348.52,26.06,0.0611,11.6,777.85,12.89,46.31,15,1.797,0
WFR-2239,FAB-BATCH-117,25-08-2026 09:44,1.2728,156.99,467.44,12.06,2162.7,38.86,337.95,23.52,0.0585,11.39,777.82,12.35,49.26,9,1.776,0
WFR-2240,FAB-BATCH-117,25-08-2026 10:12,1.3151,153.84,449.06,12.569,2160.1,33.49,356.72,24.61,0.0531,11.58,775.28,11.52,45.53,20,1.874,0
WFR-2241,FAB-BATCH-117,25-08-2026 10:40,1.2348,151.87,427.9,12.737,2227.5,35.5,363.49,24.49,0.0292,12.27,780.02,14.93,46.29,11,1.858,0
WFR-2242,FAB-BATCH-117,25-08-2026 11:08,1.2419,152.08,460.7,11.805,2182.3,40.59,344.83,24.41,0.0407,12.63,774.74,13.13,46.04,11,1.878,0
WFR-2243,FAB-BATCH-117,25-08-2026 11:36,1.2267,150.2,442.92,12.514,2165.8,38.36,346.17,24.41,0.036,12.24,774.65,11.37,42.87,12,1.766,0
WFR-2244,FAB-BATCH-117,25-08-2026 12:04,1.2094,152.51,458.38,11.474,2174.3,40.42,354.13,24.41,0.0258,12.32,768.58,11.09,45.88,8,1.843,0
WFR-2245,FAB-BATCH-117,25-08-2026 12:32,1.224,138.62,450.3,11.262,2228,43.3,362.97,25.2,0.05,12.24,773.88,14,45.46,9,1.644,0
WFR-2246,FAB-BATCH-117,25-08-2026 13:00,1.201,148.67,431.48,12.757,2174.8,38.36,345.84,24.99,0.0404,12.05,777.13,11.26,44.61,17,1.865,0
WFR-2247,FAB-BATCH-117,25-08-2026 13:28,1.2514,151.09,451.97,12.231,2195.3,40.1,339.34,24.84,0.0815,12.35,778.91,14.72,43.67,7,1.968,0
WFR-2248,FAB-BATCH-117,25-08-2026 13:56,1.2192,144.82,476.35,12.642,2200.6,40.31,355.05,22.07,0.048,10.79,772.92,9.19,46.04,12,1.708,1
WFR-2249,FAB-BATCH-117,25-08-2026 14:24,1.2594,151.74,455.92,12.487,2123.3,37.49,356.39,24.74,0.0655,12.06,776.16,14.21,43.54,13,1.898,0
WFR-2250,FAB-BATCH-117,25-08-2026 14:52,1.1878,149.08,449.31,11.817,2141.2,41.33,350.05,23.18,0.0312,11.48,777.62,13.08,48.2,14,1.789,0
WFR-2251,FAB-BATCH-117,25-08-2026 15:20,1.2632,157.9,462.9,12.468,2213.5,44.26,345.53,25.02,0.0436,12.58,775.03,12.64,45.17,10,1.93,0
WFR-2252,FAB-BATCH-117,25-08-2026 15:48,1.2833,157.08,452.53,11.637,2170.5,44.13,357.96,25.68,0.0512,11.93,769.29,12.29,43.17,9,1.866,0
WFR-2253,FAB-BATCH-117,25-08-2026 16:16,1.1703,147.9,452.51,13.474,2242.3,44.84,354.22,23.76,0.0391,12.02,775.62,14.77,44.23,19,1.89,0
WFR-2254,FAB-BATCH-117,25-08-2026 16:44,1.265,149.32,436.9,11.551,2238.7,43.4,343.85,24.29,0.0449,11.25,776.9,13.35,44.58,16,1.856,0
WFR-2255,FAB-BATCH-117,25-08-2026 17:12,1.2991,149.67,452.81,12.363,2228.8,43.39,350.39,24.02,0.0474,12.51,772.63,11.42,48.62,19,1.983,0
WFR-2256,FAB-BATCH-117,25-08-2026 17:40,1.2016,147.97,462.43,11.77,2272.8,47.79,339.19,25.49,0.0472,12.31,774.36,10.44,43.67,16,1.885,0
WFR-2257,FAB-BATCH-117,25-08-2026 18:08,1.3169,150.88,439.97,12.899,2196.7,44.81,355.49,24.58,0.0723,12.28,772.11,12.71,44.83,18,1.779,0
WFR-2258,FAB-BATCH-117,25-08-2026 18:36,1.2668,146.59,467.09,12.268,2226,46.94,347.9,25.88,0.0545,11.59,768.57,12.5,44.19,11,1.86,0
WFR-2259,FAB-BATCH-117,25-08-2026 19:04,1.2218,144.91,448.9,12.137,2176.6,47.23,346.51,24.83,0.0558,11.61,777.57,10.68,45.75,20,1.813,0
WFR-2260,FAB-BATCH-117,25-08-2026 19:32,1.2478,,439.35,13.097,2298.1,50.37,349.74,24.69,0.0565,12.11,774.99,12.43,44.22,14,1.866,0
WFR-2261,FAB-BATCH-117,25-08-2026 20:00,1.2723,152.83,461.97,12.521,2279.3,49.94,350.32,24.55,0.0574,11.65,778.99,11.81,43.29,22,1.808,0
WFR-2262,FAB-BATCH-117,25-08-2026 20:28,1.253,146.38,446.56,12.862,2200.5,45.96,357.16,25.15,0.049,12.22,777.14,12.51,44.71,15,1.782,0
WFR-2263,FAB-BATCH-117,25-08-2026 20:56,1.2716,154.03,459.11,11.813,2215.5,46.72,354.73,23.11,0.0462,10.92,774.11,13.37,44.55,15,1.87,0
WFR-2264,FAB-BATCH-117,25-08-2026 21:24,1.2132,147.16,446.5,11.517,2254.4,50.81,348.75,24.57,0.052,11.76,774.79,14.29,44.11,13,1.856,0
WFR-2265,FAB-BATCH-117,25-08-2026 21:52,1.2568,151.14,449.28,12.575,2194.1,50.07,356.11,24.44,0.0639,12.9,776.42,13.59,44.19,21,1.956,0
WFR-2266,FAB-BATCH-117,25-08-2026 22:20,1.1935,153.69,455.92,12.277,2173.7,49.84,353.21,25.08,0.0635,12.22,777.42,11.63,46.78,18,1.809,0
WFR-2267,FAB-BATCH-117,25-08-2026 22:48,1.2456,149.85,453.49,12.939,2235,53.33,346.59,24.35,0.0471,12.08,775.81,12.94,44.52,11,1.652,0
WFR-2268,FAB-BATCH-117,25-08-2026 23:16,1.2138,152.05,426.05,12.444,2203.1,52.22,349,23.67,0.0592,12.99,777.76,12.58,43.3,17,1.814,0
WFR-2269,FAB-BATCH-117,25-08-2026 23:44,1.2206,147.68,436.55,12.644,2207.3,52.5,348.81,24.51,0.0477,10.83,774.26,10.9,44.31,18,1.687,0
WFR-2270,FAB-BATCH-117,26-08-2026 00:12,1.2994,149.12,461.15,11.364,2166.6,54.51,354.04,23.63,0.0504,11.59,772.51,12.98,45.08,15,1.892,0
WFR-2271,FAB-BATCH-117,26-08-2026 00:40,1.2937,149.07,448.41,13.822,2131.3,52.75,347.06,22.96,0.0443,11.8,774.84,14.73,43,13,1.683,0
WFR-2272,FAB-BATCH-117,26-08-2026 01:08,1.2744,146.64,443.72,12.385,2209.4,57.19,346.88,25.08,0.0478,12.43,775.51,12.54,47.44,15,1.751,0
WFR-2273,FAB-BATCH-117,26-08-2026 01:36,1.2063,149.2,433.7,12.988,2236.2,53.02,365.75,24.96,0.0661,12.44,772,10.59,46.3,18,1.814,0
WFR-2274,FAB-BATCH-117,26-08-2026 02:04,1.2373,143.03,437.04,11.915,2191,56.46,357.52,24.87,0.0511,11.57,771.66,12.54,47.15,16,2.004,0
WFR-2275,FAB-BATCH-117,26-08-2026 02:32,1.2985,147.79,425.74,12.716,2257.5,58.57,343.92,25.54,0.0516,12.5,776.12,11.04,45.59,14,1.743,0
WFR-2276,FAB-BATCH-118,26-08-2026 03:00,1.2557,,448.78,11.588,2171.8,12.25,354.57,23.97,0.0326,11.8,773.98,13.54,41.86,17,1.851,0
WFR-2277,FAB-BATCH-118,26-08-2026 03:28,1.3428,148.85,442.82,12.816,2157.8,14.86,350.95,23.36,0.0463,12.61,774.59,13.13,47.3,15,1.908,0
WFR-2278,FAB-BATCH-118,26-08-2026 03:56,1.2657,148.91,438.4,12.251,2197.3,18.38,353.13,24.44,0.0471,11.48,774.1,12.29,43.7,16,1.998,0
WFR-2279,FAB-BATCH-118,26-08-2026 04:24,1.2577,149.72,449.18,12.52,2196.7,18.96,351.1,24.22,0.0401,11.94,778.8,12.1,43.83,15,1.928,0
WFR-2280,FAB-BATCH-118,26-08-2026 04:52,1.2376,152.16,454.37,12.989,2230.8,16.86,359.52,23.83,0.0503,11.75,778.15,12.25,45.23,21,1.959,0
WFR-2281,FAB-BATCH-118,26-08-2026 05:20,1.2553,153.94,475.12,11.637,2169,16.28,352.76,24.44,0.0448,12.53,771.91,12.51,47.07,13,1.936,0
WFR-2282,FAB-BATCH-118,26-08-2026 05:48,1.2439,147.08,431.86,12.021,2254.7,20.21,349.5,24.01,0.051,11.74,773.67,11.57,46.58,16,1.729,0
WFR-2283,FAB-BATCH-118,26-08-2026 06:16,1.2783,144.59,463.91,12.82,2278.7,21.22,358.34,23.03,0.0515,11.98,777.13,10.83,46.36,19,1.886,0
WFR-2284,FAB-BATCH-118,26-08-2026 06:44,1.2883,145.31,461.68,13.969,2198.4,17.07,351.87,24.15,0.0385,12.25,776.5,13.87,44.53,11,1.935,0
WFR-2285,FAB-BATCH-118,26-08-2026 07:12,1.2186,147.81,440.65,12.403,2250,17.54,350.97,23.59,0.0452,12.27,774.9,12.04,44.51,16,1.754,0
WFR-2286,FAB-BATCH-118,26-08-2026 07:40,1.1968,148.42,452.44,12.914,2157.7,20.95,352.51,24.69,0.0509,12.44,772.16,12.7,45.52,14,1.792,0
WFR-2287,FAB-BATCH-118,26-08-2026 08:08,1.1766,146.54,444.51,12.425,2243,22.31,349.25,23.98,0.0642,12.11,773.29,12.84,44.8,13,1.77,0
WFR-2288,FAB-BATCH-118,26-08-2026 08:36,1.2703,144.17,452.23,13.86,2241.9,21,350.07,25.39,0.0531,11.79,773.71,12.89,46.33,11,1.927,0
WFR-2289,FAB-BATCH-118,26-08-2026 09:04,1.2059,147.95,468.11,11.277,2234.5,23.51,345.31,25.78,0.0421,11.83,775.69,11.09,46.25,20,1.843,0
WFR-2290,FAB-BATCH-118,26-08-2026 09:32,1.1639,150.82,457.27,12.566,2199.4,21.28,343.99,25.04,0.0548,12.01,779.26,10.49,45.89,19,1.818,0
WFR-2291,FAB-BATCH-118,26-08-2026 10:00,1.2655,152.68,456.1,11.362,2081.8,19.02,342.01,23.26,0.0705,12.12,773.28,11.79,41.21,18,1.722,0
WFR-2292,FAB-BATCH-118,26-08-2026 10:28,1.3497,147.49,444.84,10.745,2174.3,22.95,338.86,25.7,0.061,11.93,772.43,12.97,45.19,17,1.843,0
WFR-2293,FAB-BATCH-118,26-08-2026 10:56,1.2498,148.14,432.19,12.708,2175,24.48,342.96,25.76,0.0566,12.01,774.73,11.63,44.84,13,1.793,0
WFR-2294,FAB-BATCH-118,26-08-2026 11:24,1.2835,145.83,447.5,12.598,2160.9,24.35,348.61,24.52,0.0587,11.24,777.58,12.07,45.25,14,1.874,0
WFR-2295,FAB-BATCH-118,26-08-2026 11:52,1.2533,149.86,464.48,12.301,2204.9,23.13,350.82,25.56,0.0673,12.33,771.38,15.05,43.87,13,1.736,0
WFR-2296,FAB-BATCH-118,26-08-2026 12:20,1.246,146.18,431.67,12.426,2183.2,22.37,347.83,24.06,0.0629,12.09,778.63,10.29,43.01,13,1.868,0
WFR-2297,FAB-BATCH-118,26-08-2026 12:48,1.2868,152.58,437.34,14.669,2167,25.52,331.15,23.01,0.0568,12.5,774.57,11.59,45.69,20,1.806,0
WFR-2298,FAB-BATCH-118,26-08-2026 13:16,1.2384,141.96,451.52,12.319,2157.6,28.9,362.6,23.89,0.0628,12,773.16,14.78,44.47,14,1.725,0
WFR-2299,FAB-BATCH-118,26-08-2026 13:44,1.2607,148.38,438.18,12.857,2171.4,30.16,358.69,25.88,0.037,11.13,771,12.45,45.86,21,1.717,0
WFR-2300,FAB-BATCH-118,26-08-2026 14:12,1.2629,151.35,440.49,12.045,2244.9,30.58,353.57,23.31,0.032,11.82,776.77,11.65,43.99,14,1.732,0
WFR-2301,FAB-BATCH-118,26-08-2026 14:40,1.2233,150.83,444.92,12.707,2173.6,27.12,365.26,24.5,0.0519,11.9,774.57,13.9,47.12,13,1.829,0
WFR-2302,FAB-BATCH-118,26-08-2026 15:08,1.2897,162.12,433.61,12.333,2179.4,26.99,342.18,24.53,0.0508,12.37,775.43,12.57,46.5,12,1.862,0
WFR-2303,FAB-BATCH-118,26-08-2026 15:36,1.243,151.57,438.31,12.213,2181.7,30.84,365.1,24.09,0.0435,10.96,772.75,12.08,45.45,13,1.877,0
WFR-2304,FAB-BATCH-118,26-08-2026 16:04,1.2198,145.48,458.44,13.773,2213.6,31.67,342.28,24.15,0.0599,12.02,774.2,12.73,44.68,15,1.881,0
WFR-2305,FAB-BATCH-118,26-08-2026 16:32,1.2715,149.57,434.31,13.324,2218.2,31.75,351.91,24.56,0.0276,12.26,773.78,11.71,46.28,17,1.774,0
WFR-2306,FAB-BATCH-118,26-08-2026 17:00,1.2141,142.01,430.83,12.596,2078.2,27.47,339.81,24.05,0.0436,11.67,774.75,11.28,45.59,17,1.956,0
WFR-2307,FAB-BATCH-118,26-08-2026 17:28,1.2511,149.64,442.44,10.887,2240.9,30.32,350.12,23.36,0.0442,12.04,773.33,12.36,45.36,14,1.806,0
WFR-2308,FAB-BATCH-118,26-08-2026 17:56,1.2496,146.25,458.78,12.247,2257.5,32.54,353.09,24.67,0.0304,11.69,771.16,11.29,46.56,17,1.895,0
WFR-2309,FAB-BATCH-118,26-08-2026 18:24,1.2934,154.12,447.64,14.392,2158,34.12,348.76,25.36,,11.64,781.82,12.51,47.14,12,1.834,0
WFR-2310,FAB-BATCH-118,26-08-2026 18:52,1.269,147.53,444.43,12.339,2161.1,35.23,355.71,25.2,0.0337,11.8,771.59,12.93,43.12,11,1.888,0
WFR-2311,FAB-BATCH-118,26-08-2026 19:20,1.249,149.47,450.53,13.272,2182,34.54,350.79,23.85,0.0429,11.64,775.45,13.52,43.42,12,1.829,0
WFR-2312,FAB-BATCH-118,26-08-2026 19:48,1.2827,147.14,429.05,13.509,2169.8,35.46,345.82,23.5,0.0609,12.34,770.57,13.85,43.83,12,1.889,0
WFR-2313,FAB-BATCH-118,26-08-2026 20:16,1.3056,157.82,455.94,12.653,2209,35.52,345.47,24.27,0.0578,11.63,770.01,12.01,42.75,18,1.849,0
WFR-2314,FAB-BATCH-118,26-08-2026 20:44,1.2723,148.55,454.6,11.911,2122.1,37.27,356.49,25.75,0.0367,11.55,775.24,13.1,44.91,16,1.931,0
WFR-2315,FAB-BATCH-118,26-08-2026 21:12,1.2504,158.25,445.09,10.795,2155.3,37.08,344.77,25.02,0.0582,12.88,775.44,13.09,45.9,9,1.768,0
WFR-2316,FAB-BATCH-118,26-08-2026 21:40,1.1975,153.66,462.07,12.979,2261.6,37.13,357.32,25.06,0.0535,12.48,778.15,12.89,44.97,13,1.673,0
WFR-2317,FAB-BATCH-118,26-08-2026 22:08,1.2074,152.17,436.47,11.93,2162.9,37.01,359.78,25.21,,11.07,776,11.92,44.2,15,1.753,0
WFR-2318,FAB-BATCH-118,26-08-2026 22:36,1.2378,151.66,463.53,12.623,2249.7,38.26,336.65,24.84,0.0548,11.62,774.63,11.27,46.69,19,1.957,0
WFR-2319,FAB-BATCH-118,26-08-2026 23:04,1.2256,151.77,451.85,11.625,2214.2,39.62,359.06,24.6,0.0483,12.12,772.63,13.1,45.21,9,1.835,0
WFR-2320,FAB-BATCH-118,26-08-2026 23:32,1.2425,141.33,445.96,12.314,2127.6,39.73,366.48,25.03,0.0397,12.16,778.75,10.45,45.51,16,1.859,0
WFR-2321,FAB-BATCH-118,27-08-2026 00:00,1.2523,148.75,449.76,12.524,2225.4,40.51,352.02,24.06,0.0411,11.25,777.32,12.18,46.73,12,1.745,0
WFR-2322,FAB-BATCH-118,27-08-2026 00:28,1.2712,153.8,448.71,12.688,2195.3,42.99,354.79,23.37,0.0401,12.58,771.88,9.44,44.82,24,1.857,0
WFR-2323,FAB-BATCH-118,27-08-2026 00:56,1.2472,149.78,464.64,11.72,2181.8,41.38,358.3,25.08,0.0665,12.41,775.09,10.9,48.09,18,1.748,0
WFR-2324,FAB-BATCH-118,27-08-2026 01:24,1.2695,143.68,437.08,13.338,2209.8,40.1,347.8,25.49,0.0502,12.24,775.36,11.45,44.33,8,1.762,0
WFR-2325,FAB-BATCH-118,27-08-2026 01:52,1.2526,149.76,440.85,12.082,2219,43.72,351.46,23.61,,12.68,774.14,13.82,48,12,1.81,0
WFR-2326,FAB-BATCH-118,27-08-2026 02:20,1.171,157.67,462.44,11.328,2228.3,39.77,339.49,25.16,0.0682,12.23,776.93,13.33,43.54,12,1.895,0
WFR-2327,FAB-BATCH-118,27-08-2026 02:48,1.2124,155.61,442.85,12.424,2247.1,40.89,351.11,25.84,0.0217,12.22,777.08,11.84,45.78,11,1.905,0
WFR-2328,FAB-BATCH-118,27-08-2026 03:16,1.2442,149.72,460.81,12.524,2216.3,44.27,353.98,24.5,0.0653,12.78,774.52,13.38,44.04,19,1.908,0
WFR-2329,FAB-BATCH-118,27-08-2026 03:44,1.2016,154.28,470.39,12.612,2145,45.18,354.13,23.85,0.0507,12.55,774.3,13.57,46.68,8,1.691,0
WFR-2330,FAB-BATCH-118,27-08-2026 04:12,1.274,148.35,445.18,13.453,2181.1,42.21,358.52,24.6,0.0552,11.58,778.75,12.31,44.28,20,1.849,0
WFR-2331,FAB-BATCH-118,27-08-2026 04:40,1.3112,142.33,458.18,12.334,2317.7,44.48,343.8,24.06,0.0401,12.32,777.33,10.84,45.44,10,1.83,0
WFR-2332,FAB-BATCH-118,27-08-2026 05:08,1.2988,145.84,436.16,12.416,2229,44.59,345.74,24.01,0.0409,11.67,775.18,12.25,44.02,12,1.697,0
WFR-2333,FAB-BATCH-118,27-08-2026 05:36,1.2415,157.03,459.06,11.728,2294.8,45.38,365.16,24.85,0.0559,12.25,770.93,12.38,46.41,16,1.852,0
WFR-2334,FAB-BATCH-118,27-08-2026 06:04,1.3096,148.77,452.39,13.074,2255.8,48.79,348.8,23.22,,12.24,775.86,11.02,44.02,10,1.825,0
WFR-2335,FAB-BATCH-118,27-08-2026 06:32,1.2559,148.9,455.68,12.629,2209.7,48.86,351.6,23.34,0.062,11.31,776.75,12.94,47.53,14,1.901,1
WFR-2336,FAB-BATCH-118,27-08-2026 07:00,1.2365,148.65,442.25,12.206,2212.1,47.96,349.46,24.52,0.0652,11.94,768.11,12.84,43.51,9,1.858,1
WFR-2337,FAB-BATCH-118,27-08-2026 07:28,1.2255,158.57,430.07,11.167,2198.5,47.46,343.43,24.48,0.0477,12.13,775.63,13.03,42.98,14,1.795,0
WFR-2338,FAB-BATCH-118,27-08-2026 07:56,1.2379,157.32,456.04,13.511,2130.5,46.4,362.99,24.77,0.0428,11.78,773.96,12.83,46.43,12,1.943,0
WFR-2339,FAB-BATCH-118,27-08-2026 08:24,1.2345,159.98,425.24,11.641,2200.7,52.49,345.78,26,0.0406,12.16,774.45,13.38,44.11,20,1.628,0
WFR-2340,FAB-BATCH-118,27-08-2026 08:52,1.2568,149.28,446.19,12.086,2248.4,51.38,340.98,24.58,0.0441,12.4,772.73,12.28,44.99,16,1.844,0
WFR-2341,FAB-BATCH-118,27-08-2026 09:20,1.2564,151.33,461.29,12.751,2176,49.34,346.39,24.98,0.0254,11.98,774.63,12.74,44.52,17,1.674,0
WFR-2342,FAB-BATCH-118,27-08-2026 09:48,1.2501,143.18,452.3,11.662,2216.5,52.74,333.99,23.72,0.0413,12.11,778.48,12.02,43.03,14,1.759,0
WFR-2343,FAB-BATCH-118,27-08-2026 10:16,1.2675,156.65,473.38,11.455,2234.1,51.71,344.79,25.11,0.0433,12.69,773.88,11.8,44.88,18,1.902,0
WFR-2344,FAB-BATCH-118,27-08-2026 10:44,1.2976,144.74,462.3,11.013,2163.6,51.83,342.25,24.08,0.0479,12.24,777.41,14.11,46.9,16,1.723,0
WFR-2345,FAB-BATCH-118,27-08-2026 11:12,1.288,150.98,442.15,13.005,2181.9,53.82,354.94,24.56,0.0516,12.1,772.98,10.05,46.5,10,1.708,0
WFR-2346,FAB-BATCH-118,27-08-2026 11:40,1.1906,145.06,450.33,12.118,2159.3,52.02,344.61,24.41,0.0543,11.52,776.9,13.55,45.35,13,2.088,0
WFR-2347,FAB-BATCH-118,27-08-2026 12:08,1.1478,147.35,449.43,14.549,2167.1,53.36,357.1,25.33,0.0498,12.34,775,11.76,46.67,14,1.714,0
WFR-2348,FAB-BATCH-118,27-08-2026 12:36,1.2874,146.23,431.01,11.804,2148.5,54.84,361.19,23.45,0.043,12.17,775.88,11.6,43.41,16,2.015,0
WFR-2349,FAB-BATCH-118,27-08-2026 13:04,1.1953,147.26,438.72,11.855,2164,54.15,356.25,22.67,0.0264,12.64,775.02,12.81,44.51,9,1.833,0
WFR-2350,FAB-BATCH-118,27-08-2026 13:32,1.241,147.57,443.27,12.104,2256.8,57.04,348.28,24.33,0.0431,12.02,776.6,10.71,45.59,14,1.798,0
WFR-2351,FAB-BATCH-119,27-08-2026 14:00,1.2032,147.53,425.57,12.67,2163.4,18.74,351.13,24.87,0.0383,11.09,768.58,11.52,44.8,19,1.907,0
WFR-2352,FAB-BATCH-119,27-08-2026 14:28,1.1779,153.75,450.57,12.171,2205.1,14.04,337.8,24.62,0.0556,11.15,771.45,11.48,44.63,21,1.984,0
WFR-2353,FAB-BATCH-119,27-08-2026 14:56,1.2717,145.03,447.01,12.929,2179.9,12.77,348.93,25.49,0.0609,12.37,776.04,12.23,43.2,13,1.735,0
WFR-2354,FAB-BATCH-119,27-08-2026 15:24,1.2804,150.99,429.93,11.815,2247.2,12.65,343.12,24.85,0.0613,11.71,769.89,11.54,41.88,12,1.799,0
WFR-2355,FAB-BATCH-119,27-08-2026 15:52,1.2269,155.48,454.85,11.533,2252.4,16.9,355.55,24.05,0.0591,12.22,773.67,14.42,46.23,15,1.935,0
WFR-2356,FAB-BATCH-119,27-08-2026 16:20,1.1464,147.69,458.59,11.241,2234.6,16.42,370.58,22.64,0.0484,12.06,774.86,14.66,45.36,9,1.879,0
WFR-2357,FAB-BATCH-119,27-08-2026 16:48,1.2282,146.77,452.72,10.943,2212.2,18.72,354,24.31,0.0437,11.92,772.93,10.07,46.35,12,1.96,0
WFR-2358,FAB-BATCH-119,27-08-2026 17:16,1.2657,148.96,446.11,12.137,2190.8,19.12,334.07,25.32,0.041,11.95,773.27,13.15,44.34,15,1.902,0
WFR-2359,FAB-BATCH-119,27-08-2026 17:44,1.1908,155.31,457.1,12.289,2152.3,16.19,347.11,24.19,0.0319,11.57,775.68,13.53,43.93,12,2.031,0
WFR-2360,FAB-BATCH-119,27-08-2026 18:12,1.2573,150.87,458.16,12.058,2277.7,16.32,350.98,24.52,0.0619,11.99,777.52,13.15,45.01,19,1.868,0
WFR-2361,FAB-BATCH-119,27-08-2026 18:40,1.2494,147.61,453.69,13.37,2169.6,21.09,350.7,24.84,0.0479,11.71,772.6,11.71,46.28,19,1.872,0
WFR-2362,FAB-BATCH-119,27-08-2026 19:08,1.2732,152.18,440.1,13.36,2226.5,21.32,344.15,23.69,0.035,11.81,773.56,12.21,44.65,13,1.882,0
WFR-2363,FAB-BATCH-119,27-08-2026 19:36,1.2548,145.04,453.32,12.266,2242.4,20.75,351.96,25,0.0401,11.84,773.17,11.6,46.2,12,1.836,0
WFR-2364,FAB-BATCH-119,27-08-2026 20:04,1.2111,153.07,464.35,11.244,2177.8,18.84,340.06,25.81,0.0396,11.89,768.95,12,43.49,19,1.935,0
WFR-2365,FAB-BATCH-119,27-08-2026 20:32,1.2979,151.84,442.84,12.103,2241.5,23.64,342.44,24.36,0.0505,12.46,775.35,11.05,44.76,11,1.874,0
WFR-2366,FAB-BATCH-119,27-08-2026 21:00,1.2437,148.61,475.18,12.08,2230.6,25.79,355.17,23.6,0.0628,11.94,777.34,12.36,44.89,14,1.929,0
WFR-2367,FAB-BATCH-119,27-08-2026 21:28,1.2489,146.23,443.69,12.04,2269.1,24.36,341.87,24.45,0.0458,12.51,777.54,10.7,46.84,21,1.944,0
WFR-2368,FAB-BATCH-119,27-08-2026 21:56,1.2127,146.01,450.39,12.012,2181.2,22.66,354.31,22.72,0.023,12.77,772.82,12.26,45.31,11,1.893,0
WFR-2369,FAB-BATCH-119,27-08-2026 22:24,1.2323,152.41,441.93,12.043,2148.6,24.99,339.04,24.77,0.0477,12.43,771.87,11,47.62,18,1.9,0
WFR-2370,FAB-BATCH-119,27-08-2026 22:52,1.2146,155.53,452.68,12.229,2179.8,22.72,364.12,24.86,0.0481,12.27,775.05,12.75,42.98,15,1.749,0
WFR-2371,FAB-BATCH-119,27-08-2026 23:20,1.2431,147.13,429.09,12.055,2208.4,28.12,343.81,25.84,0.0473,12.16,777.07,11.68,45.19,9,1.795,0
WFR-2372,FAB-BATCH-119,27-08-2026 23:48,1.3185,152.06,443.45,12.646,2202.3,26.71,348.21,24.34,0.0425,12.43,775.39,12.85,45.27,15,1.934,0
WFR-2373,FAB-BATCH-119,28-08-2026 00:16,1.1951,140.61,436.89,12.752,2184.3,23.56,352.64,24.83,0.0526,12.04,775.72,13.8,45.93,15,1.992,0
WFR-2374,FAB-BATCH-119,28-08-2026 00:44,1.1855,147.37,451.62,11.863,2123.6,27.05,345.48,23.81,0.0508,12.49,777.85,14.41,43.78,16,1.656,0
WFR-2375,FAB-BATCH-119,28-08-2026 01:12,1.3088,149.86,461.93,13.39,2218.8,29.13,351.15,24.21,0.0497,12.31,773.15,9.47,47.53,14,1.793,0
WFR-2376,FAB-BATCH-119,28-08-2026 01:40,1.2416,145.91,457.75,11.814,2278.9,28.08,354.6,23.28,0.055,11.82,774.45,11.5,45.02,12,1.852,0
WFR-2377,FAB-BATCH-119,28-08-2026 02:08,1.2232,145.79,421.54,11.368,2218.6,28.75,357.68,24.34,0.0448,12.45,779.09,12.14,43.37,12,1.762,0
WFR-2378,FAB-BATCH-119,28-08-2026 02:36,1.2916,146.99,474.5,12.767,2224.4,27.4,356.33,24.26,0.0442,12.05,774.51,13.05,44.98,13,1.768,0
WFR-2379,FAB-BATCH-119,28-08-2026 03:04,1.2258,151.31,453.54,11.928,2222.9,31.53,348.63,24.74,0.0666,11.95,771.83,10.52,44.53,10,1.897,0
WFR-2380,FAB-BATCH-119,28-08-2026 03:32,1.323,149.16,440.68,12.725,2215.9,29.65,348.83,24,0.0567,11.76,773.33,11.32,49.17,11,2.008,0
WFR-2381,FAB-BATCH-119,28-08-2026 04:00,1.2771,139.93,451.89,10.817,2237.3,27.19,368.79,24.57,0.0599,12.08,772.65,12.66,46.57,10,1.647,0
WFR-2382,FAB-BATCH-119,28-08-2026 04:28,1.2305,140.46,452.11,13.475,2215.8,31.31,357.6,24.23,0.0647,12.5,775.89,12.6,45.07,16,1.833,0
WFR-2383,FAB-BATCH-119,28-08-2026 04:56,1.3363,147.27,442,12.971,2187.5,34.56,342.63,24.23,0.0563,12.44,772.76,12.95,44.83,14,1.896,0
WFR-2384,FAB-BATCH-119,28-08-2026 05:24,1.2258,152.06,452.38,11.45,2168.2,32.38,350.8,24.56,0.0611,12.18,775.68,13.03,46.43,12,1.928,0
WFR-2385,FAB-BATCH-119,28-08-2026 05:52,1.2797,137.64,442.71,11.465,2190,37.18,347.32,24.53,0.031,12.3,773.16,12.91,46.5,16,1.882,0
WFR-2386,FAB-BATCH-119,28-08-2026 06:20,1.262,147.75,445.15,13.671,2212.6,35.11,348.92,25.11,0.0524,12.64,769.69,12.73,40.63,10,2.026,0
WFR-2387,FAB-BATCH-119,28-08-2026 06:48,1.3021,147.63,441.76,11.984,2187.4,35.48,340.16,24.4,0.0478,11.93,775.77,12.57,45.96,11,1.853,0
WFR-2388,FAB-BATCH-119,28-08-2026 07:16,1.3125,156.25,432.81,11.916,2212.6,35.09,346.7,24.22,0.0701,11.44,775.37,13.3,45.04,14,1.981,0
WFR-2389,FAB-BATCH-119,28-08-2026 07:44,1.2513,148.27,451.75,10.914,2217.6,35.76,364.49,24.36,0.0611,12.65,776.29,9.81,43.03,19,1.785,0
WFR-2390,FAB-BATCH-119,28-08-2026 08:12,1.2199,151.72,457.02,12.254,2233.3,35.92,354.63,23.93,0.0424,11.74,773.32,14.35,46.32,28,1.856,0
WFR-2391,FAB-BATCH-119,28-08-2026 08:40,1.2684,150.64,456.18,12.341,2251.3,36.4,330.07,24.21,0.0545,11.65,773.05,9.85,48.37,18,1.729,1
WFR-2392,FAB-BATCH-119,28-08-2026 09:08,1.2229,140.41,459.84,13.001,2203.1,38.61,359.73,26.12,0.052,11.1,776,11.21,45.84,20,1.94,0
WFR-2393,FAB-BATCH-119,28-08-2026 09:36,1.3305,153.46,453.89,11.521,2147.7,36.23,358.72,23.77,0.0555,12.29,778.8,12.23,46.65,13,1.838,0
WFR-2394,FAB-BATCH-119,28-08-2026 10:04,1.2555,150.97,443.61,11.436,2186.2,36.5,347.13,24.28,0.0378,11.19,775.03,13.31,47.71,11,1.886,0
WFR-2395,FAB-BATCH-119,28-08-2026 10:32,1.2354,152.29,460.08,12.816,2201.8,36.95,355.74,24.19,0.0543,11.62,776.06,8.91,43.75,15,1.819,0
WFR-2396,FAB-BATCH-119,28-08-2026 11:00,1.2574,167.67,433.71,13.205,2126.6,43.84,343.12,24.3,0.0473,12.29,774.2,12.47,42.21,14,1.909,0
WFR-2397,FAB-BATCH-119,28-08-2026 11:28,1.1961,140.62,439.19,11.4,2255.5,41.36,346.24,24.24,0.0534,12.36,771.14,13.45,45.99,11,1.89,0
WFR-2398,FAB-BATCH-119,28-08-2026 11:56,1.2111,157.76,438.43,13.257,2205.7,41.46,361.99,24.72,0.0413,11.67,777.42,13.69,44.63,15,1.751,0
WFR-2399,FAB-BATCH-119,28-08-2026 12:24,1.298,148.71,462.96,12.526,2215.3,39.28,347.83,23.13,0.043,11.93,777.27,11.66,42.94,14,1.756,0
WFR-2400,FAB-BATCH-119,28-08-2026 12:52,1.2237,151.29,461.31,13.264,2254.6,43.2,335.04,25.33,0.0641,11.56,776.78,12.14,44.88,13,1.847,0
WFR-2401,FAB-BATCH-119,28-08-2026 13:20,1.2081,,455.85,12.451,2174.8,42.27,349.49,25.01,0.0374,11.73,774.55,11.76,46.09,21,1.916,0
WFR-2402,FAB-BATCH-119,28-08-2026 13:48,1.2715,148.09,462.86,10.734,2223,43.48,349.37,23.51,0.0383,12.13,776.49,12.03,44.78,18,2.036,1
WFR-2403,FAB-BATCH-119,28-08-2026 14:16,1.2974,147.44,439.45,12.394,2195.6,41.65,359.59,22.68,0.0494,11.75,777.23,11.26,43.82,15,1.88,0
WFR-2404,FAB-BATCH-119,28-08-2026 14:44,1.2788,151.48,454.18,13.242,2192.6,44.47,350.11,23.72,0.0407,11.88,779.05,11.43,44.66,17,1.951,0
WFR-2405,FAB-BATCH-119,28-08-2026 15:12,1.2898,143.17,448.5,11.874,2169.1,43.85,346.63,24.31,0.0394,11.27,777.47,13.02,44.97,12,1.689,0
WFR-2406,FAB-BATCH-119,28-08-2026 15:40,1.2197,153.38,460.16,12.228,2266.6,43.72,358.36,26.56,,12.57,775.16,12.66,42.11,17,2.051,0
WFR-2407,FAB-BATCH-119,28-08-2026 16:08,1.1931,148.13,448.62,12.377,2185,47.27,350.97,24.93,0.0319,12.26,771.73,13.09,44.79,17,1.911,0
WFR-2408,FAB-BATCH-119,28-08-2026 16:36,1.3101,144.91,445.38,10.47,2228,43.27,344,23.05,0.0379,12.4,775.39,12.76,42.98,16,1.845,0
WFR-2409,FAB-BATCH-119,28-08-2026 17:04,1.2371,147.97,456.49,13.67,2125,48.03,359.24,23.95,0.0746,12.65,775.64,13.35,45.99,9,1.834,0
WFR-2410,FAB-BATCH-119,28-08-2026 17:32,1.24,155.66,460.51,11.869,2247.2,48.82,351.55,24.46,0.0555,11.59,776.77,13.55,42.66,14,1.739,0
WFR-2411,FAB-BATCH-119,28-08-2026 18:00,1.3031,147.59,441.98,12.854,2242.1,46.24,350.02,24.7,0.041,11.82,778.38,10.41,46.52,13,1.768,0
WFR-2412,FAB-BATCH-119,28-08-2026 18:28,1.2722,151.61,449.27,12.439,2203.9,46.91,351.42,23.45,0.055,11.05,774.76,11.47,44.39,17,2.041,0
WFR-2413,FAB-BATCH-119,28-08-2026 18:56,1.2682,146.71,437.3,13.38,2190.9,48.65,341.43,24.39,0.0568,13.57,780.25,12.22,44.19,19,1.751,0
WFR-2414,FAB-BATCH-119,28-08-2026 19:24,1.3366,153.41,420.02,12.784,2216,50.21,345.78,23.93,0.0619,11.93,770.6,12.47,45.44,16,1.749,0
WFR-2415,FAB-BATCH-119,28-08-2026 19:52,1.2243,153.08,452.41,12.336,2291.6,49.89,350.03,23.62,0.0485,12.52,776.05,11.7,43.7,18,1.78,0
WFR-2416,FAB-BATCH-119,28-08-2026 20:20,1.2871,158.32,457.31,11.875,2129.5,51.62,348.44,24.71,0.0617,11.38,773,13.59,45.42,16,1.73,0
WFR-2417,FAB-BATCH-119,28-08-2026 20:48,1.2523,149.21,453.14,13.058,2231.3,54.83,360.18,25.12,0.0255,12.5,770.23,14.88,43.9,12,1.852,0
WFR-2418,FAB-BATCH-119,28-08-2026 21:16,1.2607,153.01,426.61,11.189,2163.5,50.83,351.74,25.17,0.0373,12.93,774.5,12.72,44.16,10,1.959,0
WFR-2419,FAB-BATCH-119,28-08-2026 21:44,1.3111,150.44,445.79,12.952,2199.2,48.97,356.84,24.96,0.052,11.97,771.36,12.6,45.61,17,1.789,0
WFR-2420,FAB-BATCH-119,28-08-2026 22:12,1.2703,155.83,423.38,11.731,2190.1,54.6,350.08,24.1,0.054,11.49,774.6,13.52,43.29,13,1.713,0
WFR-2421,FAB-BATCH-119,28-08-2026 22:40,1.2715,146.77,466.44,13.377,2182.9,56.87,358.45,25.07,0.0391,11.93,775.09,10.26,43.1,14,1.879,0
WFR-2422,FAB-BATCH-119,28-08-2026 23:08,1.2929,153.35,436.97,12.613,2199.6,54.84,353.18,24.75,0.0531,10.89,777.8,12.53,45.37,17,1.844,0
WFR-2423,FAB-BATCH-119,28-08-2026 23:36,1.2354,149.12,465.06,12.951,2154.6,52.42,350.11,24.61,0.0425,11.98,771.23,13.67,44.96,16,1.95,0
WFR-2424,FAB-BATCH-119,29-08-2026 00:04,1.2164,149.71,461.35,12.557,2241.2,54.9,349.89,24.01,0.0467,12.41,777.27,11.73,45.25,18,1.805,0
WFR-2425,FAB-BATCH-119,29-08-2026 00:32,1.2082,150.41,439.19,11.273,2128.2,53.46,342.36,24.1,0.0623,11.98,775.25,11.03,45.49,17,1.824,0
WFR-2426,FAB-BATCH-120,29-08-2026 01:00,1.1713,151.14,436.41,11.897,2221.6,16.29,354.06,24.56,0.0609,11.86,777.57,12.28,45.09,12,1.835,0
WFR-2427,FAB-BATCH-120,29-08-2026 01:28,1.3322,149.48,454.2,12.971,2186.9,12.85,349.68,26.45,0.038,12.26,773.92,12.43,45.91,14,1.859,0
WFR-2428,FAB-BATCH-120,29-08-2026 01:56,1.2059,150.97,439.87,12.617,2153.2,15.5,345.98,24.74,0.0373,12.3,771.67,11.41,45.15,23,1.811,0
WFR-2429,FAB-BATCH-120,29-08-2026 02:24,1.2411,157.1,451.23,13.327,2208.1,14.64,358.85,24.01,0.0451,11.17,771.96,15.02,41.99,13,1.795,0
WFR-2430,FAB-BATCH-120,29-08-2026 02:52,1.2389,154.43,444.21,12.782,2137.7,17.45,340,23.83,0.0497,12.04,771.77,11.93,42.38,15,1.665,0
WFR-2431,FAB-BATCH-120,29-08-2026 03:20,1.2623,153.91,428.63,11.823,2201.6,17.02,346.62,24.11,0.0421,13.22,776.19,11.12,47.89,10,1.793,0
WFR-2432,FAB-BATCH-120,29-08-2026 03:48,1.2826,147.95,423.23,11.943,2143.1,18.65,358.22,26.24,0.0625,11.33,778.69,12.39,45,15,1.922,0
WFR-2433,FAB-BATCH-120,29-08-2026 04:16,1.2844,146,452.72,12.572,2218.5,18.89,352.52,24.18,0.0542,11.96,773.59,13.59,46.43,13,1.935,0
WFR-2434,FAB-BATCH-120,29-08-2026 04:44,1.2267,154.3,443.26,10.88,2163,17.43,349.62,25.23,0.0549,12.97,776.57,12.52,44.48,14,1.803,0
WFR-2435,FAB-BATCH-120,29-08-2026 05:12,1.2433,153.94,443.36,13.671,2182,21.2,352.01,24.2,0.0348,12.55,771.19,13.08,44.91,17,1.98,0
WFR-2436,FAB-BATCH-120,29-08-2026 05:40,1.2613,156.63,458.35,12.809,2211.8,20.4,351.44,24.71,0.064,11.74,775.45,11.45,44.32,23,1.847,0
WFR-2437,FAB-BATCH-120,29-08-2026 06:08,1.2401,147.28,464.08,13.359,2169.1,19.07,337.87,25.13,0.0162,12.1,776.67,14.29,48.7,15,1.716,0
WFR-2438,FAB-BATCH-120,29-08-2026 06:36,1.3143,148.97,446.73,11.394,2197.7,26.08,347.21,24.04,0.06,12,771.38,13.17,45.38,19,1.685,0
WFR-2439,FAB-BATCH-120,29-08-2026 07:04,1.2696,142.62,445.91,13.371,2139.4,23.1,362.93,23.99,0.0612,11.63,774.49,13.76,44.2,12,1.972,0
WFR-2440,FAB-BATCH-120,29-08-2026 07:32,1.2794,148.23,456,14.062,2225.2,22.39,344.73,25.83,0.0448,11.96,776.79,12.94,42.52,16,1.813,0
WFR-2441,FAB-BATCH-120,29-08-2026 08:00,1.2765,154.48,433.72,11.575,2270.6,26.08,347.45,25.29,0.0653,11.86,767.67,13.49,47.96,24,1.729,0
WFR-2442,FAB-BATCH-120,29-08-2026 08:28,1.2969,147.9,452.68,13.04,2311.7,27.48,345.67,25.13,0.0492,12.06,778.34,11.45,44.76,15,1.624,0
WFR-2443,FAB-BATCH-120,29-08-2026 08:56,1.2572,152.88,456.62,12.501,2203.6,24.06,349.3,25.13,0.0507,11.63,775.88,11.91,46.12,7,1.81,0
WFR-2444,FAB-BATCH-120,29-08-2026 09:24,1.1981,149.14,458.16,11.419,2231.5,25.59,345.34,24.87,0.0541,11.36,776.79,14.12,46.28,12,1.89,0
WFR-2445,FAB-BATCH-120,29-08-2026 09:52,1.266,151.46,426.76,12.845,2128.8,23.47,353.89,26.11,0.0882,11.98,773.97,14.37,44.31,11,1.78,0
WFR-2446,FAB-BATCH-120,29-08-2026 10:20,1.2239,144.84,440.86,13.084,2260.1,25.71,351.58,24.54,0.0661,12.86,770.69,11.12,46.01,13,1.745,0
WFR-2447,FAB-BATCH-120,29-08-2026 10:48,1.2289,150.38,439.46,12.079,2231,26.15,356.19,24.96,0.0584,12.04,776.34,12.8,44.09,16,1.795,0
WFR-2448,FAB-BATCH-120,29-08-2026 11:16,1.2735,136.54,451.2,13.316,2180.6,27.47,341.59,23.34,0.039,11.83,774.79,11.98,43.51,17,1.974,0
WFR-2449,FAB-BATCH-120,29-08-2026 11:44,1.2995,149.16,455.77,11.333,2249.5,28.32,347.28,23.84,0.0517,12.38,775.08,11.66,46.75,13,1.711,0
WFR-2450,FAB-BATCH-120,29-08-2026 12:12,1.2509,142.66,467.96,11.454,2189.8,29.32,348.19,23.54,0.0402,11.92,777.72,12.84,44.76,12,1.786,0
WFR-2451,FAB-BATCH-120,29-08-2026 12:40,1.2624,155.43,444.06,12.596,2181.7,29.23,353.65,25.52,0.0599,12.93,776.91,13.87,45.78,20,1.971,0
WFR-2452,FAB-BATCH-120,29-08-2026 13:08,1.3181,153.5,444.03,12.518,2219,26.88,343.65,22.46,0.0517,12,779.8,13.04,45.62,9,1.899,0
WFR-2453,FAB-BATCH-120,29-08-2026 13:36,1.2596,152.1,463.8,11.998,2157.5,27.97,357.33,24.18,0.0365,12.35,775.38,12.12,45.96,10,1.868,0
WFR-2454,FAB-BATCH-120,29-08-2026 14:04,1.3541,156.84,453.56,13.067,2240.9,29.31,359.49,22.11,0.051,11.62,773.27,13.12,42.67,14,1.785,0
WFR-2455,FAB-BATCH-120,29-08-2026 14:32,1.2726,145.73,465.21,12.872,2157.8,30.39,342.09,23.83,0.0398,12.25,774.53,12.07,44.12,12,1.853,0
WFR-2456,FAB-BATCH-120,29-08-2026 15:00,1.1796,157.86,453.46,13.101,2158,33.6,346.07,24.11,0.0518,12.14,776.04,12.99,44.51,14,1.796,0
WFR-2457,FAB-BATCH-120,29-08-2026 15:28,1.2801,154.19,436.11,12.414,2163.6,29.72,345.74,25.61,,11.97,777.54,14.18,43.75,21,1.764,0
WFR-2458,FAB-BATCH-120,29-08-2026 15:56,1.2652,148.94,434,12.922,2230.4,31.89,371.06,24.82,0.0503,11.75,771.33,10.01,45.64,12,1.742,0
WFR-2459,FAB-BATCH-120,29-08-2026 16:24,1.3016,155.11,431.38,12.188,2175.3,35.06,346.56,23.83,0.059,11.68,775.02,13.46,46.78,19,1.928,0
WFR-2460,FAB-BATCH-120,29-08-2026 16:52,1.2769,145.02,457.94,13.938,2146.1,33.1,363.42,25.35,0.0494,12.14,779.02,10.65,47.02,12,1.844,0
WFR-2461,FAB-BATCH-120,29-08-2026 17:20,1.2445,146.29,464.26,11.931,2175.8,35.17,339.87,24.51,0.0453,12.31,774.4,13.97,44.49,12,1.881,0
WFR-2462,FAB-BATCH-120,29-08-2026 17:48,1.201,147.26,472.19,13.974,2198.7,34.52,342.08,24.53,0.0524,11.94,777.33,11.74,45.44,12,1.865,1
WFR-2463,FAB-BATCH-120,29-08-2026 18:16,1.2416,147.62,460.12,12.524,2152.8,35.86,344.51,23.54,0.0584,12.14,776.23,11.04,45.67,19,1.894,0
WFR-2464,FAB-BATCH-120,29-08-2026 18:44,1.216,145.25,463.95,11.537,2153.9,35.44,343.23,23.71,0.0367,11.98,777.39,13.33,45.93,13,1.825,0
WFR-2465,FAB-BATCH-120,29-08-2026 19:12,1.2268,155.5,443.04,13.458,2284.5,37.78,347.86,23.84,,12.05,772.98,12.94,43.68,17,1.802,0
WFR-2466,FAB-BATCH-120,29-08-2026 19:40,1.2735,148.84,436.12,12.588,2165.6,33.91,344.33,24.54,0.0658,11.9,772.99,11.3,47.73,13,1.768,0
WFR-2467,FAB-BATCH-120,29-08-2026 20:08,1.3168,151.59,460.2,13.096,2187.1,36.82,343.45,24.56,0.0569,12.01,775.05,11,46.39,14,1.709,0
WFR-2468,FAB-BATCH-120,29-08-2026 20:36,1.2658,147.43,455.01,13.357,2185.3,38.69,359.27,25.74,0.0507,13.35,771.17,12.28,46.43,10,1.738,0
WFR-2469,FAB-BATCH-120,29-08-2026 21:04,1.2022,141.81,451.29,12.737,2183.1,39.72,359.79,24.81,0.0577,12.16,774.33,11.06,46.81,14,1.813,0
WFR-2470,FAB-BATCH-120,29-08-2026 21:32,1.2678,151.22,454.65,12.085,2224.9,42.19,357.59,22.33,0.0554,12.32,775.63,11.23,45.8,9,1.69,0
WFR-2471,FAB-BATCH-120,29-08-2026 22:00,1.2979,141.39,453.88,13.183,2237.9,38.97,354.19,24.71,0.059,12.22,779.46,12.64,43.46,14,1.712,0
WFR-2472,FAB-BATCH-120,29-08-2026 22:28,1.2256,149.69,465.41,12.501,2187.8,43.26,350.74,23.34,0.0257,11.87,776.01,11.34,44.79,17,1.954,1
WFR-2473,FAB-BATCH-120,29-08-2026 22:56,,143.84,465.54,12.98,2150.5,39.53,346.02,23.73,0.0314,12.65,776.56,13.01,42.52,23,1.872,0
WFR-2474,FAB-BATCH-120,29-08-2026 23:24,1.2506,158.94,456.53,10.992,2251,44.06,342.37,23.85,0.0621,11.85,777.91,14.29,45.62,15,1.805,0
WFR-2475,FAB-BATCH-120,29-08-2026 23:52,,154.1,460.15,12.813,2196.2,43.58,352.9,23.97,0.0319,12.53,772.59,12.32,44.75,13,2.077,0
WFR-2476,FAB-BATCH-120,30-08-2026 00:20,1.2759,150.48,456.17,12.053,2269.2,40.67,340.61,23.4,0.0548,11.83,774.59,12.66,44.94,16,1.685,0
WFR-2477,FAB-BATCH-120,30-08-2026 00:48,1.2452,155.69,444.47,13.657,2110.2,43.66,342.05,24.66,0.0458,11.52,781.06,14.92,46.81,14,1.948,0
WFR-2478,FAB-BATCH-120,30-08-2026 01:16,1.2668,146.19,459.08,12.936,2207.8,43.5,359.22,23.37,0.038,12.18,774.8,11.07,44.31,8,1.839,0
WFR-2479,FAB-BATCH-120,30-08-2026 01:44,1.2145,152.45,433.27,12.668,2276.7,45.4,365.21,24.79,0.0542,11.45,777.79,13.93,44.62,16,1.929,0
WFR-2480,FAB-BATCH-120,30-08-2026 02:12,1.2325,150.9,462.65,12.84,2185.9,44.25,353.15,26.29,0.0524,12.27,777.41,13.79,45.03,14,1.861,0
WFR-2481,FAB-BATCH-120,30-08-2026 02:40,1.2789,151.19,435.67,11.801,2191,44.64,358.85,23.44,0.0753,11.4,771.3,13.53,42.24,9,1.663,0
WFR-2482,FAB-BATCH-120,30-08-2026 03:08,1.2351,155.73,453.43,13.636,2211.8,48.54,348.03,24.27,0.0425,11.84,775.78,14.05,44.6,21,1.86,1
WFR-2483,FAB-BATCH-120,30-08-2026 03:36,1.3191,153.3,439.86,13.894,2177.6,46.15,339.3,22.48,0.0673,11.28,775.37,12.84,41.27,19,1.884,0
WFR-2484,FAB-BATCH-120,30-08-2026 04:04,1.234,151.3,456.64,12.775,2187.5,48.55,354.9,24.26,0.0542,13.41,775.82,11.8,44.12,15,1.631,0
WFR-2485,FAB-BATCH-120,30-08-2026 04:32,1.259,142.55,449.59,13.613,2186.5,47,354.55,25.01,0.0421,11.17,773.11,13.81,46.28,17,2.044,0
WFR-2486,FAB-BATCH-120,30-08-2026 05:00,1.2873,145.68,430.86,12.102,2174.9,51.33,350.57,25.08,0.0596,12,772.21,13.86,45.67,14,1.881,0
WFR-2487,FAB-BATCH-120,30-08-2026 05:28,1.1933,149.45,455.05,11.942,2249.2,47.19,348.06,24.56,0.0568,12.57,773.81,13.83,44.11,15,1.917,0
WFR-2488,FAB-BATCH-120,30-08-2026 05:56,1.1796,150.42,443.06,12.529,2218.4,47.87,357.7,25.21,0.0504,12.52,774.76,12.55,45.06,16,1.733,0
WFR-2489,FAB-BATCH-120,30-08-2026 06:24,1.189,144.91,460.57,12.804,2210,52.7,342.11,26.54,0.0532,12.43,777.96,11.64,43.39,10,1.919,0
WFR-2490,FAB-BATCH-120,30-08-2026 06:52,1.3005,160.85,450.02,12.224,2232.3,49.31,343.81,25.87,0.0428,11.84,779.54,12.73,45,18,1.959,0
WFR-2491,FAB-BATCH-120,30-08-2026 07:20,1.2279,156.82,454.75,12.876,2189.4,53.95,341.94,24.08,0.0401,12.68,778.49,13.63,49.4,11,1.875,0
WFR-2492,FAB-BATCH-120,30-08-2026 07:48,1.3523,152.71,438.51,12.714,2169,53.08,350.68,23.34,0.0591,12.46,777.15,13.73,47.77,16,1.849,0
WFR-2493,FAB-BATCH-120,30-08-2026 08:16,1.2274,150.32,442.93,11.801,2175.9,51.54,341.3,24.18,0.0473,12.11,772.49,11.98,45.08,22,1.761,0
WFR-2494,FAB-BATCH-120,30-08-2026 08:44,1.2574,149.05,444.5,12.863,2200.1,48.77,344.53,23.74,0.049,12.12,773.98,12.88,45.24,17,1.828,0
WFR-2495,FAB-BATCH-120,30-08-2026 09:12,1.3117,145.72,460.28,13.104,2157.6,52.91,344.35,24.86,0.0534,11.85,775.52,10.93,43.53,14,1.799,0
WFR-2496,FAB-BATCH-120,30-08-2026 09:40,1.3302,150.35,470.13,12.62,2180,53.7,347.92,23.56,0.0532,11.55,773.42,13.68,43.8,11,1.907,0
WFR-2497,FAB-BATCH-120,30-08-2026 10:08,1.3325,151.16,440.34,13.307,2179.4,56.38,338.1,24.44,0.0328,12.62,776.44,11.56,45.54,10,1.765,0
WFR-2498,FAB-BATCH-120,30-08-2026 10:36,1.2983,144.41,462.92,11.648,2285,57.78,350.7,25.17,0.0654,12.66,776.8,13.44,44.21,15,1.906,0
WFR-2499,FAB-BATCH-120,30-08-2026 11:04,1.291,151.5,423.96,12.828,2089,53.78,359.98,24.42,0.0515,11.56,776.34,11.12,46.36,11,1.766,0
WFR-2500,FAB-BATCH-120,30-08-2026 11:32,1.2737,149.3,435.67,11.681,2192.8,57.3,351.08,23.74,0.0476,11.92,777.56,13.74,47.35,11,1.824,0
